{
	"parent": "minecraft:item/generated",
	"textures": {
		"layer0": "minecraft:item/paper"
	},
	"overrides": [
		{"predicate": {"custom_model_data": 100 },"model": "projecthorizons:item/paper/questingtable"},
		{"predicate": {"custom_model_data": 101 },"model": "projecthorizons:item/paper/ph_ts"},
		{"predicate": {"custom_model_data": 102 },"model": "projecthorizons:item/paper/ph_tf_1"},
		{"predicate": {"custom_model_data": 103 },"model": "projecthorizons:item/paper/ph_tf_2"},
		{"predicate": {"custom_model_data": 104 },"model": "projecthorizons:item/paper/ph_tf_3"},
		{"predicate": {"custom_model_data": 111 },"model": "projecthorizons:item/paper/translationtable"},
		{"predicate": {"custom_model_data": 112 },"model": "projecthorizons:item/paper/translationtablestep1"}


	]
}