{
    "display": {
      "icon": {
        "item": "minecraft:paper",
        "nbt": "{CustomModelData:8}"
      },
      "title": 
        {"translate":"Stargazing","color":"#0080ff"}
      ,
      "description":
        ["",{"translate":"Look to the sky","color":"white"}]
      ,
      "frame": "task",
      "show_toast": false,
      "announce_to_chat": false,
      "hidden": false,
      "background": "minecraft:textures/misc/enchanted_glint_entity.png"
    },
    "criteria": {
      "adventure": {
        "trigger": "minecraft:tick"
      }
    }
  }