{
	"credit": "Made with Blockbench",
	"textures": {
		"0": "projecthorizons:item/paper/tf_2",
		"particle": "projecthorizons:item/paper/tf_2"
	},
	"elements": [
		{
			"name": "tf_2_0",
			"from": [3, 0, 7],
			"to": [6, 16, 8],
			"faces": {
				"north": {"uv": [6, 0, 3, 16], "texture": "#0"},
				"east": {"uv": [5, 0, 6, 16], "texture": "#0"},
				"south": {"uv": [3, 0, 6, 16], "texture": "#0"},
				"west": {"uv": [3, 0, 4, 16], "texture": "#0"},
				"up": {"uv": [3, 0, 6, 1], "texture": "#0"},
				"down": {"uv": [3, 15, 6, 16], "texture": "#0"}
			}
		},
		{
			"name": "tf_2_1",
			"from": [8, 0, 7],
			"to": [14, 16, 8],
			"faces": {
				"north": {"uv": [14, 0, 8, 16], "texture": "#0"},
				"east": {"uv": [13, 0, 14, 16], "texture": "#0"},
				"south": {"uv": [8, 0, 14, 16], "texture": "#0"},
				"west": {"uv": [8, 0, 9, 16], "texture": "#0"},
				"up": {"uv": [8, 0, 14, 1], "texture": "#0"},
				"down": {"uv": [8, 15, 14, 16], "texture": "#0"}
			}
		},
		{
			"name": "tf_2_2",
			"from": [0, 0, 7],
			"to": [3, 15, 8],
			"faces": {
				"north": {"uv": [3, 1, 0, 16], "texture": "#0"},
				"east": {"uv": [2, 1, 3, 16], "texture": "#0"},
				"south": {"uv": [0, 1, 3, 16], "texture": "#0"},
				"west": {"uv": [0, 1, 1, 16], "texture": "#0"},
				"up": {"uv": [0, 1, 3, 2], "texture": "#0"},
				"down": {"uv": [0, 15, 3, 16], "texture": "#0"}
			}
		},
		{
			"name": "tf_2_3",
			"from": [6, 0, 7],
			"to": [7, 15, 8],
			"faces": {
				"north": {"uv": [7, 1, 6, 16], "texture": "#0"},
				"east": {"uv": [6, 1, 7, 16], "texture": "#0"},
				"south": {"uv": [6, 1, 7, 16], "texture": "#0"},
				"west": {"uv": [6, 1, 7, 16], "texture": "#0"},
				"up": {"uv": [6, 1, 7, 2], "texture": "#0"},
				"down": {"uv": [6, 15, 7, 16], "texture": "#0"}
			}
		},
		{
			"name": "tf_2_4",
			"from": [14, 0, 7],
			"to": [15, 15, 8],
			"faces": {
				"north": {"uv": [15, 1, 14, 16], "texture": "#0"},
				"east": {"uv": [14, 1, 15, 16], "texture": "#0"},
				"south": {"uv": [14, 1, 15, 16], "texture": "#0"},
				"west": {"uv": [14, 1, 15, 16], "texture": "#0"},
				"up": {"uv": [14, 1, 15, 2], "texture": "#0"},
				"down": {"uv": [14, 15, 15, 16], "texture": "#0"}
			}
		},
		{
			"name": "tf_2_5",
			"from": [7, 0, 7],
			"to": [8, 14, 8],
			"faces": {
				"north": {"uv": [8, 2, 7, 16], "texture": "#0"},
				"east": {"uv": [7, 2, 8, 16], "texture": "#0"},
				"south": {"uv": [7, 2, 8, 16], "texture": "#0"},
				"west": {"uv": [7, 2, 8, 16], "texture": "#0"},
				"up": {"uv": [7, 2, 8, 3], "texture": "#0"},
				"down": {"uv": [7, 15, 8, 16], "texture": "#0"}
			}
		},
		{
			"name": "tf_2_6",
			"from": [15, 0, 7],
			"to": [16, 14, 8],
			"faces": {
				"north": {"uv": [16, 2, 15, 16], "texture": "#0"},
				"east": {"uv": [15, 2, 16, 16], "texture": "#0"},
				"south": {"uv": [15, 2, 16, 16], "texture": "#0"},
				"west": {"uv": [15, 2, 16, 16], "texture": "#0"},
				"up": {"uv": [15, 2, 16, 3], "texture": "#0"},
				"down": {"uv": [15, 15, 16, 16], "texture": "#0"}
			}
		}
	],
	"gui_light": "front",
	"display": {
		"thirdperson_righthand": {
			"translation": [0, 3.5, 0],
			"scale": [0.5, 0.5, 0.5]
		},
		"thirdperson_lefthand": {
			"translation": [0, 3.5, 0],
			"scale": [0.5, 0.5, 0.5]
		},
		"ground": {
			"translation": [0, 4.5, 0]
		}
	},
	"groups": [
		{
			"name": "tf_2",
			"origin": [8, 8, 8],
			"color": 0,
			"children": [0, 1, 2, 3, 4, 5, 6]
		}
	]
}