{
	"credit": "Made with Blockbench",
	"textures": {
		"0": "projecthorizons:item/paper/tf_1",
		"particle": "projecthorizons:item/paper/tf_1"
	},
	"elements": [
		{
			"name": "tf_1_0",
			"from": [3, 0, 8],
			"to": [6, 16, 9],
			"faces": {
				"north": {"uv": [6, 0, 3, 16], "texture": "#0"},
				"east": {"uv": [5, 0, 6, 16], "texture": "#0"},
				"south": {"uv": [3, 0, 6, 16], "texture": "#0"},
				"west": {"uv": [3, 0, 4, 16], "texture": "#0"},
				"up": {"uv": [3, 0, 6, 1], "texture": "#0"},
				"down": {"uv": [3, 15, 6, 16], "texture": "#0"}
			}
		},
		{
			"name": "tf_1_1",
			"from": [10, 0, 8],
			"to": [14, 16, 9],
			"faces": {
				"north": {"uv": [14, 0, 10, 16], "texture": "#0"},
				"east": {"uv": [13, 0, 14, 16], "texture": "#0"},
				"south": {"uv": [10, 0, 14, 16], "texture": "#0"},
				"west": {"uv": [10, 0, 11, 16], "texture": "#0"},
				"up": {"uv": [10, 0, 14, 1], "texture": "#0"},
				"down": {"uv": [10, 15, 14, 16], "texture": "#0"}
			}
		},
		{
			"name": "tf_1_2",
			"from": [1, 9, 8],
			"to": [3, 15, 9],
			"faces": {
				"north": {"uv": [3, 1, 1, 7], "texture": "#0"},
				"east": {"uv": [2, 1, 3, 7], "texture": "#0"},
				"south": {"uv": [1, 1, 3, 7], "texture": "#0"},
				"west": {"uv": [1, 1, 2, 7], "texture": "#0"},
				"up": {"uv": [1, 1, 3, 2], "texture": "#0"},
				"down": {"uv": [1, 6, 3, 7], "texture": "#0"}
			}
		},
		{
			"name": "tf_1_3",
			"from": [6, 0, 8],
			"to": [7, 15, 9],
			"faces": {
				"north": {"uv": [7, 1, 6, 16], "texture": "#0"},
				"east": {"uv": [6, 1, 7, 16], "texture": "#0"},
				"south": {"uv": [6, 1, 7, 16], "texture": "#0"},
				"west": {"uv": [6, 1, 7, 16], "texture": "#0"},
				"up": {"uv": [6, 1, 7, 2], "texture": "#0"},
				"down": {"uv": [6, 15, 7, 16], "texture": "#0"}
			}
		},
		{
			"name": "tf_1_4",
			"from": [8, 0, 8],
			"to": [10, 15, 9],
			"faces": {
				"north": {"uv": [10, 1, 8, 16], "texture": "#0"},
				"east": {"uv": [9, 1, 10, 16], "texture": "#0"},
				"south": {"uv": [8, 1, 10, 16], "texture": "#0"},
				"west": {"uv": [8, 1, 9, 16], "texture": "#0"},
				"up": {"uv": [8, 1, 10, 2], "texture": "#0"},
				"down": {"uv": [8, 15, 10, 16], "texture": "#0"}
			}
		},
		{
			"name": "tf_1_5",
			"from": [14, 0, 8],
			"to": [15, 15, 9],
			"faces": {
				"north": {"uv": [15, 1, 14, 16], "texture": "#0"},
				"east": {"uv": [14, 1, 15, 16], "texture": "#0"},
				"south": {"uv": [14, 1, 15, 16], "texture": "#0"},
				"west": {"uv": [14, 1, 15, 16], "texture": "#0"},
				"up": {"uv": [14, 1, 15, 2], "texture": "#0"},
				"down": {"uv": [14, 15, 15, 16], "texture": "#0"}
			}
		},
		{
			"name": "tf_1_6",
			"from": [7, 0, 8],
			"to": [8, 14, 9],
			"faces": {
				"north": {"uv": [8, 2, 7, 16], "texture": "#0"},
				"east": {"uv": [7, 2, 8, 16], "texture": "#0"},
				"south": {"uv": [7, 2, 8, 16], "texture": "#0"},
				"west": {"uv": [7, 2, 8, 16], "texture": "#0"},
				"up": {"uv": [7, 2, 8, 3], "texture": "#0"},
				"down": {"uv": [7, 15, 8, 16], "texture": "#0"}
			}
		},
		{
			"name": "tf_1_7",
			"from": [15, 0, 8],
			"to": [16, 14, 9],
			"faces": {
				"north": {"uv": [16, 2, 15, 16], "texture": "#0"},
				"east": {"uv": [15, 2, 16, 16], "texture": "#0"},
				"south": {"uv": [15, 2, 16, 16], "texture": "#0"},
				"west": {"uv": [15, 2, 16, 16], "texture": "#0"},
				"up": {"uv": [15, 2, 16, 3], "texture": "#0"},
				"down": {"uv": [15, 15, 16, 16], "texture": "#0"}
			}
		},
		{
			"name": "tf_1_8",
			"from": [0, 10, 8],
			"to": [1, 13, 9],
			"faces": {
				"north": {"uv": [1, 3, 0, 6], "texture": "#0"},
				"east": {"uv": [0, 3, 1, 6], "texture": "#0"},
				"south": {"uv": [0, 3, 1, 6], "texture": "#0"},
				"west": {"uv": [0, 3, 1, 6], "texture": "#0"},
				"up": {"uv": [0, 3, 1, 4], "texture": "#0"},
				"down": {"uv": [0, 5, 1, 6], "texture": "#0"}
			}
		},
		{
			"name": "tf_1_9",
			"from": [2, 0, 8],
			"to": [3, 9, 9],
			"faces": {
				"north": {"uv": [3, 7, 2, 16], "texture": "#0"},
				"east": {"uv": [2, 7, 3, 16], "texture": "#0"},
				"south": {"uv": [2, 7, 3, 16], "texture": "#0"},
				"west": {"uv": [2, 7, 3, 16], "texture": "#0"},
				"up": {"uv": [2, 7, 3, 8], "texture": "#0"},
				"down": {"uv": [2, 15, 3, 16], "texture": "#0"}
			}
		},
		{
			"name": "tf_1_10",
			"from": [1, 0, 8],
			"to": [2, 8, 9],
			"faces": {
				"north": {"uv": [2, 8, 1, 16], "texture": "#0"},
				"east": {"uv": [1, 8, 2, 16], "texture": "#0"},
				"south": {"uv": [1, 8, 2, 16], "texture": "#0"},
				"west": {"uv": [1, 8, 2, 16], "texture": "#0"},
				"up": {"uv": [1, 8, 2, 9], "texture": "#0"},
				"down": {"uv": [1, 15, 2, 16], "texture": "#0"}
			}
		},
		{
			"name": "tf_1_11",
			"from": [0, 0, 8],
			"to": [1, 6, 9],
			"faces": {
				"north": {"uv": [1, 10, 0, 16], "texture": "#0"},
				"east": {"uv": [0, 10, 1, 16], "texture": "#0"},
				"south": {"uv": [0, 10, 1, 16], "texture": "#0"},
				"west": {"uv": [0, 10, 1, 16], "texture": "#0"},
				"up": {"uv": [0, 10, 1, 11], "texture": "#0"},
				"down": {"uv": [0, 15, 1, 16], "texture": "#0"}
			}
		}
	],
	"gui_light": "front",
	"display": {
		"thirdperson_righthand": {
			"translation": [0, 3.5, -0.5],
			"scale": [0.5, 0.5, 0.5]
		},
		"thirdperson_lefthand": {
			"translation": [0, 3.5, -0.5],
			"scale": [0.5, 0.5, 0.5]
		},
		"ground": {
			"translation": [0, 4.5, 0]
		}
	},
	"groups": [
		{
			"name": "tf_1",
			"origin": [8, 8, 8],
			"color": 0,
			"children": [0, 1, 2, 3, 4, 5, 6, 7, 8, 9, 10, 11]
		}
	]
}