{
	"credit": "Made with Blockbench",
	"textures": {
		"0": "projecthorizons:item/paper/ts",
		"particle": "projecthorizons:item/paper/ts"
	},
	"elements": [
		{
			"name": "ts_0",
			"from": [7, 1, 7],
			"to": [8, 16, 8],
			"faces": {
				"north": {"uv": [8, 0, 7, 15], "texture": "#0"},
				"east": {"uv": [7, 0, 8, 15], "texture": "#0"},
				"south": {"uv": [7, 0, 8, 15], "texture": "#0"},
				"west": {"uv": [7, 0, 8, 15], "texture": "#0"},
				"up": {"uv": [7, 0, 8, 1], "texture": "#0"},
				"down": {"uv": [7, 14, 8, 15], "texture": "#0"}
			}
		},
		{
			"name": "ts_1",
			"from": [5, 3, 7],
			"to": [7, 15, 8],
			"faces": {
				"north": {"uv": [7, 1, 5, 13], "texture": "#0"},
				"east": {"uv": [6, 1, 7, 13], "texture": "#0"},
				"south": {"uv": [5, 1, 7, 13], "texture": "#0"},
				"west": {"uv": [5, 1, 6, 13], "texture": "#0"},
				"up": {"uv": [5, 1, 7, 2], "texture": "#0"},
				"down": {"uv": [5, 12, 7, 13], "texture": "#0"}
			}
		},
		{
			"name": "ts_2",
			"from": [8, 0, 7],
			"to": [9, 15, 8],
			"faces": {
				"north": {"uv": [9, 1, 8, 16], "texture": "#0"},
				"east": {"uv": [8, 1, 9, 16], "texture": "#0"},
				"south": {"uv": [8, 1, 9, 16], "texture": "#0"},
				"west": {"uv": [8, 1, 9, 16], "texture": "#0"},
				"up": {"uv": [8, 1, 9, 2], "texture": "#0"},
				"down": {"uv": [8, 15, 9, 16], "texture": "#0"}
			}
		},
		{
			"name": "ts_3",
			"from": [4, 4, 7],
			"to": [5, 14, 8],
			"faces": {
				"north": {"uv": [5, 2, 4, 12], "texture": "#0"},
				"east": {"uv": [4, 2, 5, 12], "texture": "#0"},
				"south": {"uv": [4, 2, 5, 12], "texture": "#0"},
				"west": {"uv": [4, 2, 5, 12], "texture": "#0"},
				"up": {"uv": [4, 2, 5, 3], "texture": "#0"},
				"down": {"uv": [4, 11, 5, 12], "texture": "#0"}
			}
		},
		{
			"name": "ts_4",
			"from": [9, 0, 7],
			"to": [10, 14, 8],
			"faces": {
				"north": {"uv": [10, 2, 9, 16], "texture": "#0"},
				"east": {"uv": [9, 2, 10, 16], "texture": "#0"},
				"south": {"uv": [9, 2, 10, 16], "texture": "#0"},
				"west": {"uv": [9, 2, 10, 16], "texture": "#0"},
				"up": {"uv": [9, 2, 10, 3], "texture": "#0"},
				"down": {"uv": [9, 15, 10, 16], "texture": "#0"}
			}
		},
		{
			"name": "ts_5",
			"from": [3, 5, 7],
			"to": [4, 13, 8],
			"faces": {
				"north": {"uv": [4, 3, 3, 11], "texture": "#0"},
				"east": {"uv": [3, 3, 4, 11], "texture": "#0"},
				"south": {"uv": [3, 3, 4, 11], "texture": "#0"},
				"west": {"uv": [3, 3, 4, 11], "texture": "#0"},
				"up": {"uv": [3, 3, 4, 4], "texture": "#0"},
				"down": {"uv": [3, 10, 4, 11], "texture": "#0"}
			}
		},
		{
			"name": "ts_6",
			"from": [10, 4, 7],
			"to": [12, 13, 8],
			"faces": {
				"north": {"uv": [12, 3, 10, 12], "texture": "#0"},
				"east": {"uv": [11, 3, 12, 12], "texture": "#0"},
				"south": {"uv": [10, 3, 12, 12], "texture": "#0"},
				"west": {"uv": [10, 3, 11, 12], "texture": "#0"},
				"up": {"uv": [10, 3, 12, 4], "texture": "#0"},
				"down": {"uv": [10, 11, 12, 12], "texture": "#0"}
			}
		},
		{
			"name": "ts_7",
			"from": [1, 7, 7],
			"to": [3, 12, 8],
			"faces": {
				"north": {"uv": [3, 4, 1, 9], "texture": "#0"},
				"east": {"uv": [2, 4, 3, 9], "texture": "#0"},
				"south": {"uv": [1, 4, 3, 9], "texture": "#0"},
				"west": {"uv": [1, 4, 2, 9], "texture": "#0"},
				"up": {"uv": [1, 4, 3, 5], "texture": "#0"},
				"down": {"uv": [1, 8, 3, 9], "texture": "#0"}
			}
		},
		{
			"name": "ts_8",
			"from": [12, 4, 7],
			"to": [13, 12, 8],
			"faces": {
				"north": {"uv": [13, 4, 12, 12], "texture": "#0"},
				"east": {"uv": [12, 4, 13, 12], "texture": "#0"},
				"south": {"uv": [12, 4, 13, 12], "texture": "#0"},
				"west": {"uv": [12, 4, 13, 12], "texture": "#0"},
				"up": {"uv": [12, 4, 13, 5], "texture": "#0"},
				"down": {"uv": [12, 11, 13, 12], "texture": "#0"}
			}
		},
		{
			"name": "ts_9",
			"from": [0, 9, 7],
			"to": [1, 11, 8],
			"faces": {
				"north": {"uv": [1, 5, 0, 7], "texture": "#0"},
				"east": {"uv": [0, 5, 1, 7], "texture": "#0"},
				"south": {"uv": [0, 5, 1, 7], "texture": "#0"},
				"west": {"uv": [0, 5, 1, 7], "texture": "#0"},
				"up": {"uv": [0, 5, 1, 6], "texture": "#0"},
				"down": {"uv": [0, 6, 1, 7], "texture": "#0"}
			}
		},
		{
			"name": "ts_10",
			"from": [13, 5, 7],
			"to": [14, 11, 8],
			"faces": {
				"north": {"uv": [14, 5, 13, 11], "texture": "#0"},
				"east": {"uv": [13, 5, 14, 11], "texture": "#0"},
				"south": {"uv": [13, 5, 14, 11], "texture": "#0"},
				"west": {"uv": [13, 5, 14, 11], "texture": "#0"},
				"up": {"uv": [13, 5, 14, 6], "texture": "#0"},
				"down": {"uv": [13, 10, 14, 11], "texture": "#0"}
			}
		},
		{
			"name": "ts_11",
			"from": [14, 8, 7],
			"to": [16, 10, 8],
			"faces": {
				"north": {"uv": [16, 6, 14, 8], "texture": "#0"},
				"east": {"uv": [15, 6, 16, 8], "texture": "#0"},
				"south": {"uv": [14, 6, 16, 8], "texture": "#0"},
				"west": {"uv": [14, 6, 15, 8], "texture": "#0"},
				"up": {"uv": [14, 6, 16, 7], "texture": "#0"},
				"down": {"uv": [14, 7, 16, 8], "texture": "#0"}
			}
		},
		{
			"name": "ts_12",
			"from": [14, 7, 7],
			"to": [15, 8, 8],
			"faces": {
				"north": {"uv": [15, 8, 14, 9], "texture": "#0"},
				"east": {"uv": [14, 8, 15, 9], "texture": "#0"},
				"south": {"uv": [14, 8, 15, 9], "texture": "#0"},
				"west": {"uv": [14, 8, 15, 9], "texture": "#0"},
				"up": {"uv": [14, 8, 15, 9], "texture": "#0"},
				"down": {"uv": [14, 8, 15, 9], "texture": "#0"}
			}
		},
		{
			"name": "ts_13",
			"from": [2, 6, 7],
			"to": [3, 7, 8],
			"faces": {
				"north": {"uv": [3, 9, 2, 10], "texture": "#0"},
				"east": {"uv": [2, 9, 3, 10], "texture": "#0"},
				"south": {"uv": [2, 9, 3, 10], "texture": "#0"},
				"west": {"uv": [2, 9, 3, 10], "texture": "#0"},
				"up": {"uv": [2, 9, 3, 10], "texture": "#0"},
				"down": {"uv": [2, 9, 3, 10], "texture": "#0"}
			}
		},
		{
			"name": "ts_14",
			"from": [10, 1, 7],
			"to": [11, 4, 8],
			"faces": {
				"north": {"uv": [11, 12, 10, 15], "texture": "#0"},
				"east": {"uv": [10, 12, 11, 15], "texture": "#0"},
				"south": {"uv": [10, 12, 11, 15], "texture": "#0"},
				"west": {"uv": [10, 12, 11, 15], "texture": "#0"},
				"up": {"uv": [10, 12, 11, 13], "texture": "#0"},
				"down": {"uv": [10, 14, 11, 15], "texture": "#0"}
			}
		},
		{
			"name": "ts_15",
			"from": [6, 2, 7],
			"to": [7, 3, 8],
			"faces": {
				"north": {"uv": [7, 13, 6, 14], "texture": "#0"},
				"east": {"uv": [6, 13, 7, 14], "texture": "#0"},
				"south": {"uv": [6, 13, 7, 14], "texture": "#0"},
				"west": {"uv": [6, 13, 7, 14], "texture": "#0"},
				"up": {"uv": [6, 13, 7, 14], "texture": "#0"},
				"down": {"uv": [6, 13, 7, 14], "texture": "#0"}
			}
		}
	],
	"gui_light": "front",
	"display": {
		"thirdperson_righthand": {
			"translation": [0, 1.75, 0],
			"scale": [0.25, 0.25, 0.25]
		},
		"thirdperson_lefthand": {
			"translation": [0, 1.75, 0],
			"scale": [0.25, 0.25, 0.25]
		},
		"ground": {
			"translation": [0, 4.5, 0],
			"scale": [0.5, 0.5, 1]
		},
		"gui": {
			"scale": [0.5, 0.5, 0.5]
		},
		"fixed": {
			"scale": [0.5, 0.5, 0.5]
		}
	},
	"groups": [
		{
			"name": "ts",
			"origin": [8, 8, 8],
			"color": 0,
			"children": [0, 1, 2, 3, 4, 5, 6, 7, 8, 9, 10, 11, 12, 13, 14, 15]
		}
	]
}