{
	"credit": "Made with Blockbench",
	"textures": {
		"0": "projecthorizons:item/paper/tf_3",
		"particle": "projecthorizons:item/paper/tf_3"
	},
	"elements": [
		{
			"name": "tf_3_0",
			"from": [3, 0, 8],
			"to": [6, 16, 9],
			"faces": {
				"north": {"uv": [6, 0, 3, 16], "texture": "#0"},
				"east": {"uv": [5, 0, 6, 16], "texture": "#0"},
				"south": {"uv": [3, 0, 6, 16], "texture": "#0"},
				"west": {"uv": [3, 0, 4, 16], "texture": "#0"},
				"up": {"uv": [3, 0, 6, 1], "texture": "#0"},
				"down": {"uv": [3, 15, 6, 16], "texture": "#0"}
			}
		},
		{
			"name": "tf_3_1",
			"from": [10, 0, 8],
			"to": [12, 16, 9],
			"faces": {
				"north": {"uv": [12, 0, 10, 16], "texture": "#0"},
				"east": {"uv": [11, 0, 12, 16], "texture": "#0"},
				"south": {"uv": [10, 0, 12, 16], "texture": "#0"},
				"west": {"uv": [10, 0, 11, 16], "texture": "#0"},
				"up": {"uv": [10, 0, 12, 1], "texture": "#0"},
				"down": {"uv": [10, 15, 12, 16], "texture": "#0"}
			}
		},
		{
			"name": "tf_3_2",
			"from": [0, 0, 8],
			"to": [3, 15, 9],
			"faces": {
				"north": {"uv": [3, 1, 0, 16], "texture": "#0"},
				"east": {"uv": [2, 1, 3, 16], "texture": "#0"},
				"south": {"uv": [0, 1, 3, 16], "texture": "#0"},
				"west": {"uv": [0, 1, 1, 16], "texture": "#0"},
				"up": {"uv": [0, 1, 3, 2], "texture": "#0"},
				"down": {"uv": [0, 15, 3, 16], "texture": "#0"}
			}
		},
		{
			"name": "tf_3_3",
			"from": [6, 0, 8],
			"to": [7, 15, 9],
			"faces": {
				"north": {"uv": [7, 1, 6, 16], "texture": "#0"},
				"east": {"uv": [6, 1, 7, 16], "texture": "#0"},
				"south": {"uv": [6, 1, 7, 16], "texture": "#0"},
				"west": {"uv": [6, 1, 7, 16], "texture": "#0"},
				"up": {"uv": [6, 1, 7, 2], "texture": "#0"},
				"down": {"uv": [6, 15, 7, 16], "texture": "#0"}
			}
		},
		{
			"name": "tf_3_4",
			"from": [8, 0, 8],
			"to": [10, 15, 9],
			"faces": {
				"north": {"uv": [10, 1, 8, 16], "texture": "#0"},
				"east": {"uv": [9, 1, 10, 16], "texture": "#0"},
				"south": {"uv": [8, 1, 10, 16], "texture": "#0"},
				"west": {"uv": [8, 1, 9, 16], "texture": "#0"},
				"up": {"uv": [8, 1, 10, 2], "texture": "#0"},
				"down": {"uv": [8, 15, 10, 16], "texture": "#0"}
			}
		},
		{
			"name": "tf_3_5",
			"from": [7, 0, 8],
			"to": [8, 14, 9],
			"faces": {
				"north": {"uv": [8, 2, 7, 16], "texture": "#0"},
				"east": {"uv": [7, 2, 8, 16], "texture": "#0"},
				"south": {"uv": [7, 2, 8, 16], "texture": "#0"},
				"west": {"uv": [7, 2, 8, 16], "texture": "#0"},
				"up": {"uv": [7, 2, 8, 3], "texture": "#0"},
				"down": {"uv": [7, 15, 8, 16], "texture": "#0"}
			}
		},
		{
			"name": "tf_3_6",
			"from": [12, 0, 8],
			"to": [13, 14, 9],
			"faces": {
				"north": {"uv": [13, 2, 12, 16], "texture": "#0"},
				"east": {"uv": [12, 2, 13, 16], "texture": "#0"},
				"south": {"uv": [12, 2, 13, 16], "texture": "#0"},
				"west": {"uv": [12, 2, 13, 16], "texture": "#0"},
				"up": {"uv": [12, 2, 13, 3], "texture": "#0"},
				"down": {"uv": [12, 15, 13, 16], "texture": "#0"}
			}
		},
		{
			"name": "tf_3_7",
			"from": [13, 0, 8],
			"to": [14, 12, 9],
			"faces": {
				"north": {"uv": [14, 4, 13, 16], "texture": "#0"},
				"east": {"uv": [13, 4, 14, 16], "texture": "#0"},
				"south": {"uv": [13, 4, 14, 16], "texture": "#0"},
				"west": {"uv": [13, 4, 14, 16], "texture": "#0"},
				"up": {"uv": [13, 4, 14, 5], "texture": "#0"},
				"down": {"uv": [13, 15, 14, 16], "texture": "#0"}
			}
		},
		{
			"name": "tf_3_8",
			"from": [14, 6, 8],
			"to": [15, 10, 9],
			"faces": {
				"north": {"uv": [15, 6, 14, 10], "texture": "#0"},
				"east": {"uv": [14, 6, 15, 10], "texture": "#0"},
				"south": {"uv": [14, 6, 15, 10], "texture": "#0"},
				"west": {"uv": [14, 6, 15, 10], "texture": "#0"},
				"up": {"uv": [14, 6, 15, 7], "texture": "#0"},
				"down": {"uv": [14, 9, 15, 10], "texture": "#0"}
			}
		},
		{
			"name": "tf_3_9",
			"from": [15, 7, 8],
			"to": [16, 9, 9],
			"faces": {
				"north": {"uv": [16, 7, 15, 9], "texture": "#0"},
				"east": {"uv": [15, 7, 16, 9], "texture": "#0"},
				"south": {"uv": [15, 7, 16, 9], "texture": "#0"},
				"west": {"uv": [15, 7, 16, 9], "texture": "#0"},
				"up": {"uv": [15, 7, 16, 8], "texture": "#0"},
				"down": {"uv": [15, 8, 16, 9], "texture": "#0"}
			}
		},
		{
			"name": "tf_3_10",
			"from": [14, 0, 8],
			"to": [15, 4, 9],
			"faces": {
				"north": {"uv": [15, 12, 14, 16], "texture": "#0"},
				"east": {"uv": [14, 12, 15, 16], "texture": "#0"},
				"south": {"uv": [14, 12, 15, 16], "texture": "#0"},
				"west": {"uv": [14, 12, 15, 16], "texture": "#0"},
				"up": {"uv": [14, 12, 15, 13], "texture": "#0"},
				"down": {"uv": [14, 15, 15, 16], "texture": "#0"}
			}
		},
		{
			"name": "tf_3_11",
			"from": [15, 1, 8],
			"to": [16, 2, 9],
			"faces": {
				"north": {"uv": [16, 14, 15, 15], "texture": "#0"},
				"east": {"uv": [15, 14, 16, 15], "texture": "#0"},
				"south": {"uv": [15, 14, 16, 15], "texture": "#0"},
				"west": {"uv": [15, 14, 16, 15], "texture": "#0"},
				"up": {"uv": [15, 14, 16, 15], "texture": "#0"},
				"down": {"uv": [15, 14, 16, 15], "texture": "#0"}
			}
		}
	],
	"gui_light": "front",
	"display": {
		"thirdperson_righthand": {
			"translation": [0, 3.5, 0],
			"scale": [0.5, 0.5, 0.5]
		},
		"thirdperson_lefthand": {
			"translation": [0, 3.5, 0],
			"scale": [0.5, 0.5, 0.5]
		},
		"ground": {
			"translation": [0, 4.5, 0]
		}
	},
	"groups": [
		{
			"name": "tf_3",
			"origin": [8, 8, 8],
			"color": 0,
			"children": [0, 1, 2, 3, 4, 5, 6, 7, 8, 9, 10, 11]
		}
	]
}