{
	"credit": "Made with Blockbench",
	"textures": {
		"0": "item/map",
		"1": "projecthorizons:item/paper/map_background",
		"2": "projecthorizons:item/paper/island",
		"4": "item/diamond_sword",
		"5": "block/cartography_table_side3",
		"particle": "item/map",
		"spyglass": "item/spyglass_model"
	},
	"elements": [
		{
			"from": [28, 0, 0],
			"to": [31, 3, 16],
			"faces": {
				"north": {"uv": [8, 8, 16, 16], "texture": "#5"},
				"east": {"uv": [8, 0, 16, 8], "texture": "#5"},
				"south": {"uv": [8, 0, 16, 8], "texture": "#5"},
				"west": {"uv": [0, 0, 8, 8], "texture": "#5"},
				"up": {"uv": [8, 16, 0, 8], "rotation": 270, "texture": "#5"},
				"down": {"uv": [16, 0, 8, 8], "texture": "#5"}
			}
		},
		{
			"from": [-15, 0, 0],
			"to": [-12, 3, 16],
			"faces": {
				"north": {"uv": [8, 8, 16, 16], "texture": "#5"},
				"east": {"uv": [8, 0, 16, 8], "texture": "#5"},
				"south": {"uv": [8, 0, 16, 8], "texture": "#5"},
				"west": {"uv": [0, 0, 8, 8], "texture": "#5"},
				"up": {"uv": [8, 16, 0, 8], "rotation": 270, "texture": "#5"},
				"down": {"uv": [16, 0, 8, 8], "texture": "#5"}
			}
		},
		{
			"from": [28, 3, 7],
			"to": [31, 17, 10],
			"faces": {
				"north": {"uv": [8, 8, 16, 16], "texture": "#5"},
				"east": {"uv": [8, 0, 16, 8], "texture": "#5"},
				"south": {"uv": [8, 0, 16, 8], "texture": "#5"},
				"west": {"uv": [0, 0, 8, 8], "texture": "#5"},
				"up": {"uv": [8, 16, 0, 8], "rotation": 270, "texture": "#5"},
				"down": {"uv": [16, 0, 8, 8], "texture": "#5"}
			}
		},
		{
			"from": [-15, 3, 7],
			"to": [-12, 17, 10],
			"faces": {
				"north": {"uv": [8, 8, 16, 16], "texture": "#5"},
				"east": {"uv": [8, 0, 16, 8], "texture": "#5"},
				"south": {"uv": [8, 0, 16, 8], "texture": "#5"},
				"west": {"uv": [0, 0, 8, 8], "texture": "#5"},
				"up": {"uv": [8, 16, 0, 8], "rotation": 270, "texture": "#5"},
				"down": {"uv": [16, 0, 8, 8], "texture": "#5"}
			}
		},
		{
			"from": [-16, 17, -3],
			"to": [32, 19, 22],
			"faces": {
				"north": {"uv": [0, 0, 16, 2], "texture": "#5"},
				"east": {"uv": [0, 0, 16, 2], "texture": "#5"},
				"south": {"uv": [0, 0, 16, 2], "texture": "#5"},
				"west": {"uv": [0, 0, 16, 2], "texture": "#5"},
				"up": {"uv": [0, 0, 16, 16], "texture": "#5"},
				"down": {"uv": [0, 0, 16, 16], "texture": "#5"}
			}
		},
		{
			"name": "map_0",
			"from": [-8, 19, -1.75],
			"to": [-6, 19, 8.25],
			"rotation": {"angle": 0, "axis": "x", "origin": [22.5, 19.25, 15.5]},
			"faces": {
				"north": {"uv": [9, 11, 11, 12], "rotation": 180, "texture": "#0"},
				"east": {"uv": [10, 2, 11, 12], "rotation": 270, "texture": "#0"},
				"south": {"uv": [9, 2, 11, 3], "texture": "#0"},
				"west": {"uv": [9, 2, 10, 12], "rotation": 90, "texture": "#0"},
				"up": {"uv": [11, 2, 9, 12], "rotation": 180, "texture": "#0"},
				"down": {"uv": [9, 2, 11, 12], "texture": "#0"}
			}
		},
		{
			"name": "map_1",
			"from": [-9, 19, -2.75],
			"to": [-8, 19, 7.25],
			"rotation": {"angle": 0, "axis": "x", "origin": [22.5, 19.25, 15.5]},
			"faces": {
				"north": {"uv": [8, 12, 9, 13], "rotation": 180, "texture": "#0"},
				"east": {"uv": [8, 3, 9, 13], "rotation": 270, "texture": "#0"},
				"south": {"uv": [8, 3, 9, 4], "texture": "#0"},
				"west": {"uv": [8, 3, 9, 13], "rotation": 90, "texture": "#0"},
				"up": {"uv": [9, 3, 8, 13], "rotation": 180, "texture": "#0"},
				"down": {"uv": [8, 3, 9, 13], "texture": "#0"}
			}
		},
		{
			"name": "map_2",
			"from": [-6, 19, -0.75],
			"to": [-5, 19, 7.25],
			"rotation": {"angle": 0, "axis": "x", "origin": [22.5, 19.25, 15.5]},
			"faces": {
				"north": {"uv": [11, 10, 12, 11], "rotation": 180, "texture": "#0"},
				"east": {"uv": [11, 3, 12, 11], "rotation": 270, "texture": "#0"},
				"south": {"uv": [11, 3, 12, 4], "texture": "#0"},
				"west": {"uv": [11, 3, 12, 11], "rotation": 90, "texture": "#0"},
				"up": {"uv": [12, 3, 11, 11], "rotation": 180, "texture": "#0"},
				"down": {"uv": [11, 3, 12, 11], "texture": "#0"}
			}
		},
		{
			"name": "map_3",
			"from": [-11, 19, -3.75],
			"to": [-9, 19, 6.25],
			"rotation": {"angle": 0, "axis": "x", "origin": [22.5, 19.25, 15.5]},
			"faces": {
				"north": {"uv": [6, 13, 8, 14], "rotation": 180, "texture": "#0"},
				"east": {"uv": [7, 4, 8, 14], "rotation": 270, "texture": "#0"},
				"south": {"uv": [6, 4, 8, 5], "texture": "#0"},
				"west": {"uv": [6, 4, 7, 14], "rotation": 90, "texture": "#0"},
				"up": {"uv": [8, 4, 6, 14], "rotation": 180, "texture": "#0"},
				"down": {"uv": [6, 4, 8, 14], "texture": "#0"}
			}
		},
		{
			"name": "map_4",
			"from": [-5, 19, -0.75],
			"to": [-4, 19, 6.25],
			"rotation": {"angle": 0, "axis": "x", "origin": [22.5, 19.25, 15.5]},
			"faces": {
				"north": {"uv": [12, 10, 13, 11], "rotation": 180, "texture": "#0"},
				"east": {"uv": [12, 4, 13, 11], "rotation": 270, "texture": "#0"},
				"south": {"uv": [12, 4, 13, 5], "texture": "#0"},
				"west": {"uv": [12, 4, 13, 11], "rotation": 90, "texture": "#0"},
				"up": {"uv": [13, 4, 12, 11], "rotation": 180, "texture": "#0"},
				"down": {"uv": [12, 4, 13, 11], "texture": "#0"}
			}
		},
		{
			"name": "map_5",
			"from": [-12, 19, -2.75],
			"to": [-11, 19, 5.25],
			"rotation": {"angle": 0, "axis": "x", "origin": [22.5, 19.25, 15.5]},
			"faces": {
				"north": {"uv": [5, 12, 6, 13], "rotation": 180, "texture": "#0"},
				"east": {"uv": [5, 5, 6, 13], "rotation": 270, "texture": "#0"},
				"south": {"uv": [5, 5, 6, 6], "texture": "#0"},
				"west": {"uv": [5, 5, 6, 13], "rotation": 90, "texture": "#0"},
				"up": {"uv": [6, 5, 5, 13], "rotation": 180, "texture": "#0"},
				"down": {"uv": [5, 5, 6, 13], "texture": "#0"}
			}
		},
		{
			"name": "map_6",
			"from": [-4, 19, 0.25],
			"to": [-3, 19, 5.25],
			"rotation": {"angle": 0, "axis": "x", "origin": [22.5, 19.25, 15.5]},
			"faces": {
				"north": {"uv": [13, 9, 14, 10], "rotation": 180, "texture": "#0"},
				"east": {"uv": [13, 5, 14, 10], "rotation": 270, "texture": "#0"},
				"south": {"uv": [13, 5, 14, 6], "texture": "#0"},
				"west": {"uv": [13, 5, 14, 10], "rotation": 90, "texture": "#0"},
				"up": {"uv": [14, 5, 13, 10], "rotation": 180, "texture": "#0"},
				"down": {"uv": [13, 5, 14, 10], "texture": "#0"}
			}
		},
		{
			"name": "map_7",
			"from": [-14, 19, -0.75],
			"to": [-12, 19, 4.25],
			"rotation": {"angle": 0, "axis": "x", "origin": [22.5, 19.25, 15.5]},
			"faces": {
				"north": {"uv": [3, 10, 5, 11], "rotation": 180, "texture": "#0"},
				"east": {"uv": [4, 6, 5, 11], "rotation": 270, "texture": "#0"},
				"south": {"uv": [3, 6, 5, 7], "texture": "#0"},
				"west": {"uv": [3, 6, 4, 11], "rotation": 90, "texture": "#0"},
				"up": {"uv": [5, 6, 3, 11], "rotation": 180, "texture": "#0"},
				"down": {"uv": [3, 6, 5, 11], "texture": "#0"}
			}
		},
		{
			"name": "map_8",
			"from": [-3, 19, 1.25],
			"to": [-2, 19, 4.25],
			"rotation": {"angle": 0, "axis": "x", "origin": [22.5, 19.25, 15.5]},
			"faces": {
				"north": {"uv": [14, 8, 15, 9], "rotation": 180, "texture": "#0"},
				"east": {"uv": [14, 6, 15, 9], "rotation": 270, "texture": "#0"},
				"south": {"uv": [14, 6, 15, 7], "texture": "#0"},
				"west": {"uv": [14, 6, 15, 9], "rotation": 90, "texture": "#0"},
				"up": {"uv": [15, 6, 14, 9], "rotation": 180, "texture": "#0"},
				"down": {"uv": [14, 6, 15, 9], "texture": "#0"}
			}
		},
		{
			"name": "map_9",
			"from": [-15, 19, 0.25],
			"to": [-14, 19, 3.25],
			"rotation": {"angle": 0, "axis": "x", "origin": [22.5, 19.25, 15.5]},
			"faces": {
				"north": {"uv": [2, 9, 3, 10], "rotation": 180, "texture": "#0"},
				"east": {"uv": [2, 7, 3, 10], "rotation": 270, "texture": "#0"},
				"south": {"uv": [2, 7, 3, 8], "texture": "#0"},
				"west": {"uv": [2, 7, 3, 10], "rotation": 90, "texture": "#0"},
				"up": {"uv": [3, 7, 2, 10], "rotation": 180, "texture": "#0"},
				"down": {"uv": [2, 7, 3, 10], "texture": "#0"}
			}
		},
		{
			"name": "map_10",
			"from": [-2, 19, 2.25],
			"to": [-1, 19, 3.25],
			"rotation": {"angle": 0, "axis": "x", "origin": [22.5, 19.25, 15.5]},
			"faces": {
				"north": {"uv": [15, 7, 16, 8], "rotation": 180, "texture": "#0"},
				"east": {"uv": [15, 7, 16, 8], "rotation": 270, "texture": "#0"},
				"south": {"uv": [15, 7, 16, 8], "texture": "#0"},
				"west": {"uv": [15, 7, 16, 8], "rotation": 90, "texture": "#0"},
				"up": {"uv": [16, 7, 15, 8], "rotation": 180, "texture": "#0"},
				"down": {"uv": [15, 7, 16, 8], "texture": "#0"}
			}
		},
		{
			"name": "map_11",
			"from": [-16, 19, 1.25],
			"to": [-15, 19, 2.25],
			"rotation": {"angle": 0, "axis": "x", "origin": [22.5, 19.25, 15.5]},
			"faces": {
				"north": {"uv": [1, 8, 2, 9], "rotation": 180, "texture": "#0"},
				"east": {"uv": [1, 8, 2, 9], "rotation": 270, "texture": "#0"},
				"south": {"uv": [1, 8, 2, 9], "texture": "#0"},
				"west": {"uv": [1, 8, 2, 9], "rotation": 90, "texture": "#0"},
				"up": {"uv": [2, 8, 1, 9], "rotation": 180, "texture": "#0"},
				"down": {"uv": [1, 8, 2, 9], "texture": "#0"}
			}
		},
		{
			"name": "map_12",
			"from": [-13, 19, -1.75],
			"to": [-12, 19, -0.75],
			"rotation": {"angle": 0, "axis": "x", "origin": [22.5, 19.25, 15.5]},
			"faces": {
				"north": {"uv": [4, 11, 5, 12], "rotation": 180, "texture": "#0"},
				"east": {"uv": [4, 11, 5, 12], "rotation": 270, "texture": "#0"},
				"south": {"uv": [4, 11, 5, 12], "texture": "#0"},
				"west": {"uv": [4, 11, 5, 12], "rotation": 90, "texture": "#0"},
				"up": {"uv": [5, 11, 4, 12], "rotation": 180, "texture": "#0"},
				"down": {"uv": [4, 11, 5, 12], "texture": "#0"}
			}
		},
		{
			"name": "map_13",
			"from": [-8, 19, -2.75],
			"to": [-7, 19, -1.75],
			"rotation": {"angle": 0, "axis": "x", "origin": [22.5, 19.25, 15.5]},
			"faces": {
				"north": {"uv": [9, 12, 10, 13], "rotation": 180, "texture": "#0"},
				"east": {"uv": [9, 12, 10, 13], "rotation": 270, "texture": "#0"},
				"south": {"uv": [9, 12, 10, 13], "texture": "#0"},
				"west": {"uv": [9, 12, 10, 13], "rotation": 90, "texture": "#0"},
				"up": {"uv": [10, 12, 9, 13], "rotation": 180, "texture": "#0"},
				"down": {"uv": [9, 12, 10, 13], "texture": "#0"}
			}
		},
		{
			"name": "map_1",
			"from": [-8, 19, -1.75],
			"to": [-6, 20, 8.25],
			"rotation": {"angle": 0, "axis": "x", "origin": [22.5, 19.25, 15.5]},
			"faces": {
				"north": {"uv": [9, 11, 11, 12], "rotation": 180, "texture": "#0"},
				"east": {"uv": [10, 2, 11, 12], "rotation": 270, "texture": "#0"},
				"south": {"uv": [9, 2, 11, 3], "texture": "#0"},
				"west": {"uv": [9, 2, 10, 12], "rotation": 90, "texture": "#0"},
				"up": {"uv": [11, 2, 9, 12], "rotation": 180, "texture": "#0"},
				"down": {"uv": [9, 2, 11, 12], "texture": "#0"}
			}
		},
		{
			"name": "map_2",
			"from": [-9, 19, -2.75],
			"to": [-8, 20, 7.25],
			"rotation": {"angle": 0, "axis": "x", "origin": [22.5, 19.25, 15.5]},
			"faces": {
				"north": {"uv": [8, 12, 9, 13], "rotation": 180, "texture": "#0"},
				"east": {"uv": [8, 3, 9, 13], "rotation": 270, "texture": "#0"},
				"south": {"uv": [8, 3, 9, 4], "texture": "#0"},
				"west": {"uv": [8, 3, 9, 13], "rotation": 90, "texture": "#0"},
				"up": {"uv": [9, 3, 8, 13], "rotation": 180, "texture": "#0"},
				"down": {"uv": [8, 3, 9, 13], "texture": "#0"}
			}
		},
		{
			"name": "map_3",
			"from": [-6, 19, -0.75],
			"to": [-5, 20, 7.25],
			"rotation": {"angle": 0, "axis": "x", "origin": [22.5, 19.25, 15.5]},
			"faces": {
				"north": {"uv": [11, 10, 12, 11], "rotation": 180, "texture": "#0"},
				"east": {"uv": [11, 3, 12, 11], "rotation": 270, "texture": "#0"},
				"south": {"uv": [11, 3, 12, 4], "texture": "#0"},
				"west": {"uv": [11, 3, 12, 11], "rotation": 90, "texture": "#0"},
				"up": {"uv": [12, 3, 11, 11], "rotation": 180, "texture": "#0"},
				"down": {"uv": [11, 3, 12, 11], "texture": "#0"}
			}
		},
		{
			"name": "map_4",
			"from": [-11, 19, -3.75],
			"to": [-9, 20, 6.25],
			"rotation": {"angle": 0, "axis": "x", "origin": [22.5, 19.25, 15.5]},
			"faces": {
				"north": {"uv": [6, 13, 8, 14], "rotation": 180, "texture": "#0"},
				"east": {"uv": [7, 4, 8, 14], "rotation": 270, "texture": "#0"},
				"south": {"uv": [6, 4, 8, 5], "texture": "#0"},
				"west": {"uv": [6, 4, 7, 14], "rotation": 90, "texture": "#0"},
				"up": {"uv": [8, 4, 6, 14], "rotation": 180, "texture": "#0"},
				"down": {"uv": [6, 4, 8, 14], "texture": "#0"}
			}
		},
		{
			"name": "map_5",
			"from": [-5, 19, -0.75],
			"to": [-4, 20, 6.25],
			"rotation": {"angle": 0, "axis": "x", "origin": [22.5, 19.25, 15.5]},
			"faces": {
				"north": {"uv": [12, 10, 13, 11], "rotation": 180, "texture": "#0"},
				"east": {"uv": [12, 4, 13, 11], "rotation": 270, "texture": "#0"},
				"south": {"uv": [12, 4, 13, 5], "texture": "#0"},
				"west": {"uv": [12, 4, 13, 11], "rotation": 90, "texture": "#0"},
				"up": {"uv": [13, 4, 12, 11], "rotation": 180, "texture": "#0"},
				"down": {"uv": [12, 4, 13, 11], "texture": "#0"}
			}
		},
		{
			"name": "map_6",
			"from": [-12, 19, -2.75],
			"to": [-11, 20, 5.25],
			"rotation": {"angle": 0, "axis": "x", "origin": [22.5, 19.25, 15.5]},
			"faces": {
				"north": {"uv": [5, 12, 6, 13], "rotation": 180, "texture": "#0"},
				"east": {"uv": [5, 5, 6, 13], "rotation": 270, "texture": "#0"},
				"south": {"uv": [5, 5, 6, 6], "texture": "#0"},
				"west": {"uv": [5, 5, 6, 13], "rotation": 90, "texture": "#0"},
				"up": {"uv": [6, 5, 5, 13], "rotation": 180, "texture": "#0"},
				"down": {"uv": [5, 5, 6, 13], "texture": "#0"}
			}
		},
		{
			"name": "map_7",
			"from": [-4, 19, 0.25],
			"to": [-3, 20, 5.25],
			"rotation": {"angle": 0, "axis": "x", "origin": [22.5, 19.25, 15.5]},
			"faces": {
				"north": {"uv": [13, 9, 14, 10], "rotation": 180, "texture": "#0"},
				"east": {"uv": [13, 5, 14, 10], "rotation": 270, "texture": "#0"},
				"south": {"uv": [13, 5, 14, 6], "texture": "#0"},
				"west": {"uv": [13, 5, 14, 10], "rotation": 90, "texture": "#0"},
				"up": {"uv": [14, 5, 13, 10], "rotation": 180, "texture": "#0"},
				"down": {"uv": [13, 5, 14, 10], "texture": "#0"}
			}
		},
		{
			"name": "map_8",
			"from": [-14, 19, -0.75],
			"to": [-12, 20, 4.25],
			"rotation": {"angle": 0, "axis": "x", "origin": [22.5, 19.25, 15.5]},
			"faces": {
				"north": {"uv": [3, 10, 5, 11], "rotation": 180, "texture": "#0"},
				"east": {"uv": [4, 6, 5, 11], "rotation": 270, "texture": "#0"},
				"south": {"uv": [3, 6, 5, 7], "texture": "#0"},
				"west": {"uv": [3, 6, 4, 11], "rotation": 90, "texture": "#0"},
				"up": {"uv": [5, 6, 3, 11], "rotation": 180, "texture": "#0"},
				"down": {"uv": [3, 6, 5, 11], "texture": "#0"}
			}
		},
		{
			"name": "map_9",
			"from": [-3, 19, 1.25],
			"to": [-2, 20, 4.25],
			"rotation": {"angle": 0, "axis": "x", "origin": [22.5, 19.25, 15.5]},
			"faces": {
				"north": {"uv": [14, 8, 15, 9], "rotation": 180, "texture": "#0"},
				"east": {"uv": [14, 6, 15, 9], "rotation": 270, "texture": "#0"},
				"south": {"uv": [14, 6, 15, 7], "texture": "#0"},
				"west": {"uv": [14, 6, 15, 9], "rotation": 90, "texture": "#0"},
				"up": {"uv": [15, 6, 14, 9], "rotation": 180, "texture": "#0"},
				"down": {"uv": [14, 6, 15, 9], "texture": "#0"}
			}
		},
		{
			"name": "map_10",
			"from": [-15, 19, 0.25],
			"to": [-14, 20, 3.25],
			"rotation": {"angle": 0, "axis": "x", "origin": [22.5, 19.25, 15.5]},
			"faces": {
				"north": {"uv": [2, 9, 3, 10], "rotation": 180, "texture": "#0"},
				"east": {"uv": [2, 7, 3, 10], "rotation": 270, "texture": "#0"},
				"south": {"uv": [2, 7, 3, 8], "texture": "#0"},
				"west": {"uv": [2, 7, 3, 10], "rotation": 90, "texture": "#0"},
				"up": {"uv": [3, 7, 2, 10], "rotation": 180, "texture": "#0"},
				"down": {"uv": [2, 7, 3, 10], "texture": "#0"}
			}
		},
		{
			"name": "map_11",
			"from": [-2, 19, 2.25],
			"to": [-1, 20, 3.25],
			"rotation": {"angle": 0, "axis": "x", "origin": [22.5, 19.25, 15.5]},
			"faces": {
				"north": {"uv": [15, 7, 16, 8], "rotation": 180, "texture": "#0"},
				"east": {"uv": [15, 7, 16, 8], "rotation": 270, "texture": "#0"},
				"south": {"uv": [15, 7, 16, 8], "texture": "#0"},
				"west": {"uv": [15, 7, 16, 8], "rotation": 90, "texture": "#0"},
				"up": {"uv": [16, 7, 15, 8], "rotation": 180, "texture": "#0"},
				"down": {"uv": [15, 7, 16, 8], "texture": "#0"}
			}
		},
		{
			"name": "map_12",
			"from": [-16, 19, 1.25],
			"to": [-15, 20, 2.25],
			"rotation": {"angle": 0, "axis": "x", "origin": [22.5, 19.25, 15.5]},
			"faces": {
				"north": {"uv": [1, 8, 2, 9], "rotation": 180, "texture": "#0"},
				"east": {"uv": [1, 8, 2, 9], "rotation": 270, "texture": "#0"},
				"south": {"uv": [1, 8, 2, 9], "texture": "#0"},
				"west": {"uv": [1, 8, 2, 9], "rotation": 90, "texture": "#0"},
				"up": {"uv": [2, 8, 1, 9], "rotation": 180, "texture": "#0"},
				"down": {"uv": [1, 8, 2, 9], "texture": "#0"}
			}
		},
		{
			"name": "map_13",
			"from": [-13, 19, -1.75],
			"to": [-12, 20, -0.75],
			"rotation": {"angle": 0, "axis": "x", "origin": [22.5, 19.25, 15.5]},
			"faces": {
				"north": {"uv": [4, 11, 5, 12], "rotation": 180, "texture": "#0"},
				"east": {"uv": [4, 11, 5, 12], "rotation": 270, "texture": "#0"},
				"south": {"uv": [4, 11, 5, 12], "texture": "#0"},
				"west": {"uv": [4, 11, 5, 12], "rotation": 90, "texture": "#0"},
				"up": {"uv": [5, 11, 4, 12], "rotation": 180, "texture": "#0"},
				"down": {"uv": [4, 11, 5, 12], "texture": "#0"}
			}
		},
		{
			"name": "map_14",
			"from": [-8, 19, -2.75],
			"to": [-7, 20, -1.75],
			"rotation": {"angle": 0, "axis": "x", "origin": [22.5, 19.25, 15.5]},
			"faces": {
				"north": {"uv": [9, 12, 10, 13], "rotation": 180, "texture": "#0"},
				"east": {"uv": [9, 12, 10, 13], "rotation": 270, "texture": "#0"},
				"south": {"uv": [9, 12, 10, 13], "texture": "#0"},
				"west": {"uv": [9, 12, 10, 13], "rotation": 90, "texture": "#0"},
				"up": {"uv": [10, 12, 9, 13], "rotation": 180, "texture": "#0"},
				"down": {"uv": [9, 12, 10, 13], "texture": "#0"}
			}
		},
		{
			"name": "map_background_1",
			"from": [2.6, 18.9, -1.4],
			"to": [3.25, 19.225, -0.1],
			"rotation": {"angle": 0, "axis": "y", "origin": [1, 19.0625, 9.1625]},
			"faces": {
				"north": {"uv": [0.5, 0, 0, 0.25], "texture": "#1"},
				"east": {"uv": [0.25, 0, 0.5, 1], "rotation": 90, "texture": "#1"},
				"south": {"uv": [0, 0.75, 0.5, 1], "texture": "#1"},
				"west": {"uv": [0, 0, 0.25, 1], "rotation": 270, "texture": "#1"},
				"up": {"uv": [0, 0, 0.5, 1], "texture": "#1"},
				"down": {"uv": [0, 1, 0.5, 0], "texture": "#1"}
			}
		},
		{
			"name": "map_background_2",
			"from": [8.125, 18.9, -1.4],
			"to": [9.1, 19.225, 18.75],
			"rotation": {"angle": 0, "axis": "y", "origin": [1, 19.0625, 9.1625]},
			"faces": {
				"north": {"uv": [5, 0, 4.25, 0.25], "texture": "#1"},
				"east": {"uv": [4.75, 0, 5, 15.5], "rotation": 90, "texture": "#1"},
				"south": {"uv": [4.25, 15.25, 5, 15.5], "texture": "#1"},
				"west": {"uv": [4.25, 0, 4.5, 15.5], "rotation": 270, "texture": "#1"},
				"up": {"uv": [4.25, 0, 5, 15.5], "texture": "#1"},
				"down": {"uv": [4.25, 15.5, 5, 0], "texture": "#1"}
			}
		},
		{
			"name": "map_background_3",
			"from": [9.75, 18.9, -1.4],
			"to": [11.7, 19.225, 18.75],
			"rotation": {"angle": 0, "axis": "y", "origin": [1, 19.0625, 9.1625]},
			"faces": {
				"north": {"uv": [7, 0, 5.5, 0.25], "texture": "#1"},
				"east": {"uv": [6.75, 0, 7, 15.5], "rotation": 90, "texture": "#1"},
				"south": {"uv": [5.5, 15.25, 7, 15.5], "texture": "#1"},
				"west": {"uv": [5.5, 0, 5.75, 15.5], "rotation": 270, "texture": "#1"},
				"up": {"uv": [5.5, 0, 7, 15.5], "texture": "#1"},
				"down": {"uv": [5.5, 15.5, 7, 0], "texture": "#1"}
			}
		},
		{
			"name": "map_background_4",
			"from": [12.025, 18.9, -1.4],
			"to": [13.325, 19.225, 19.4],
			"rotation": {"angle": 0, "axis": "y", "origin": [1, 19.0625, 9.1625]},
			"faces": {
				"north": {"uv": [8.25, 0, 7.25, 0.25], "texture": "#1"},
				"east": {"uv": [8, 0, 8.25, 16], "rotation": 90, "texture": "#1"},
				"south": {"uv": [7.25, 15.75, 8.25, 16], "texture": "#1"},
				"west": {"uv": [7.25, 0, 7.5, 16], "rotation": 270, "texture": "#1"},
				"up": {"uv": [7.25, 0, 8.25, 16], "texture": "#1"},
				"down": {"uv": [7.25, 16, 8.25, 0], "texture": "#1"}
			}
		},
		{
			"name": "map_background_5",
			"from": [14.625, 18.9, -1.4],
			"to": [18.525, 19.225, 19.075],
			"rotation": {"angle": 0, "axis": "y", "origin": [1, 19.0625, 9.1625]},
			"faces": {
				"north": {"uv": [12.25, 0, 9.25, 0.25], "texture": "#1"},
				"east": {"uv": [12, 0, 12.25, 15.75], "rotation": 90, "texture": "#1"},
				"south": {"uv": [9.25, 15.5, 12.25, 15.75], "texture": "#1"},
				"west": {"uv": [9.25, 0, 9.5, 15.75], "rotation": 270, "texture": "#1"},
				"up": {"uv": [9.25, 0, 12.25, 15.75], "texture": "#1"},
				"down": {"uv": [9.25, 15.75, 12.25, 0], "texture": "#1"}
			}
		},
		{
			"name": "map_background_6",
			"from": [22.425, 18.9, -1.4],
			"to": [23.4, 19.225, -0.425],
			"rotation": {"angle": 0, "axis": "y", "origin": [1, 19.0625, 9.1625]},
			"faces": {
				"north": {"uv": [16, 0, 15.25, 0.25], "texture": "#1"},
				"east": {"uv": [15.75, 0, 16, 0.75], "rotation": 90, "texture": "#1"},
				"south": {"uv": [15.25, 0.5, 16, 0.75], "texture": "#1"},
				"west": {"uv": [15.25, 0, 15.5, 0.75], "rotation": 270, "texture": "#1"},
				"up": {"uv": [15.25, 0, 16, 0.75], "texture": "#1"},
				"down": {"uv": [15.25, 0.75, 16, 0], "texture": "#1"}
			}
		},
		{
			"name": "map_background_7",
			"from": [3.25, 18.9, -1.075],
			"to": [6.175, 19.225, 18.75],
			"rotation": {"angle": 0, "axis": "y", "origin": [1, 19.0625, 9.1625]},
			"faces": {
				"north": {"uv": [2.75, 0.25, 0.5, 0.5], "texture": "#1"},
				"east": {"uv": [2.5, 0.25, 2.75, 15.5], "rotation": 90, "texture": "#1"},
				"south": {"uv": [0.5, 15.25, 2.75, 15.5], "texture": "#1"},
				"west": {"uv": [0.5, 0.25, 0.75, 15.5], "rotation": 270, "texture": "#1"},
				"up": {"uv": [0.5, 0.25, 2.75, 15.5], "texture": "#1"},
				"down": {"uv": [0.5, 15.5, 2.75, 0.25], "texture": "#1"}
			}
		},
		{
			"name": "map_background_8",
			"from": [6.825, 18.9, -1.075],
			"to": [8.125, 19.225, 19.4],
			"rotation": {"angle": 0, "axis": "y", "origin": [1, 19.0625, 9.1625]},
			"faces": {
				"north": {"uv": [4.25, 0.25, 3.25, 0.5], "texture": "#1"},
				"east": {"uv": [4, 0.25, 4.25, 16], "rotation": 90, "texture": "#1"},
				"south": {"uv": [3.25, 15.75, 4.25, 16], "texture": "#1"},
				"west": {"uv": [3.25, 0.25, 3.5, 16], "rotation": 270, "texture": "#1"},
				"up": {"uv": [3.25, 0.25, 4.25, 16], "texture": "#1"},
				"down": {"uv": [3.25, 16, 4.25, 0.25], "texture": "#1"}
			}
		},
		{
			"name": "map_background_9",
			"from": [9.1, 18.9, -1.075],
			"to": [9.425, 19.225, 18.75],
			"rotation": {"angle": 0, "axis": "y", "origin": [1, 19.0625, 9.1625]},
			"faces": {
				"north": {"uv": [5.25, 0.25, 5, 0.5], "texture": "#1"},
				"east": {"uv": [5, 0.25, 5.25, 15.5], "rotation": 90, "texture": "#1"},
				"south": {"uv": [5, 15.25, 5.25, 15.5], "texture": "#1"},
				"west": {"uv": [5, 0.25, 5.25, 15.5], "rotation": 270, "texture": "#1"},
				"up": {"uv": [5, 0.25, 5.25, 15.5], "texture": "#1"},
				"down": {"uv": [5, 15.5, 5.25, 0.25], "texture": "#1"}
			}
		},
		{
			"name": "map_background_10",
			"from": [11.7, 18.9, -1.075],
			"to": [12.025, 19.225, 19.4],
			"rotation": {"angle": 0, "axis": "y", "origin": [1, 19.0625, 9.1625]},
			"faces": {
				"north": {"uv": [7.25, 0.25, 7, 0.5], "texture": "#1"},
				"east": {"uv": [7, 0.25, 7.25, 16], "rotation": 90, "texture": "#1"},
				"south": {"uv": [7, 15.75, 7.25, 16], "texture": "#1"},
				"west": {"uv": [7, 0.25, 7.25, 16], "rotation": 270, "texture": "#1"},
				"up": {"uv": [7, 0.25, 7.25, 16], "texture": "#1"},
				"down": {"uv": [7, 16, 7.25, 0.25], "texture": "#1"}
			}
		},
		{
			"name": "map_background_11",
			"from": [13.325, 18.9, -1.075],
			"to": [13.65, 19.225, 19.4],
			"rotation": {"angle": 0, "axis": "y", "origin": [1, 19.0625, 9.1625]},
			"faces": {
				"north": {"uv": [8.5, 0.25, 8.25, 0.5], "texture": "#1"},
				"east": {"uv": [8.25, 0.25, 8.5, 16], "rotation": 90, "texture": "#1"},
				"south": {"uv": [8.25, 15.75, 8.5, 16], "texture": "#1"},
				"west": {"uv": [8.25, 0.25, 8.5, 16], "rotation": 270, "texture": "#1"},
				"up": {"uv": [8.25, 0.25, 8.5, 16], "texture": "#1"},
				"down": {"uv": [8.25, 16, 8.5, 0.25], "texture": "#1"}
			}
		},
		{
			"name": "map_background_12",
			"from": [13.975, 18.9, -1.075],
			"to": [14.625, 19.225, 19.4],
			"rotation": {"angle": 0, "axis": "y", "origin": [1, 19.0625, 9.1625]},
			"faces": {
				"north": {"uv": [9.25, 0.25, 8.75, 0.5], "texture": "#1"},
				"east": {"uv": [9, 0.25, 9.25, 16], "rotation": 90, "texture": "#1"},
				"south": {"uv": [8.75, 15.75, 9.25, 16], "texture": "#1"},
				"west": {"uv": [8.75, 0.25, 9, 16], "rotation": 270, "texture": "#1"},
				"up": {"uv": [8.75, 0.25, 9.25, 16], "texture": "#1"},
				"down": {"uv": [8.75, 16, 9.25, 0.25], "texture": "#1"}
			}
		},
		{
			"name": "map_background_13",
			"from": [18.525, 18.9, -1.075],
			"to": [22.425, 19.225, 19.075],
			"rotation": {"angle": 0, "axis": "y", "origin": [1, 19.0625, 9.1625]},
			"faces": {
				"north": {"uv": [15.25, 0.25, 12.25, 0.5], "texture": "#1"},
				"east": {"uv": [15, 0.25, 15.25, 15.75], "rotation": 90, "texture": "#1"},
				"south": {"uv": [12.25, 15.5, 15.25, 15.75], "texture": "#1"},
				"west": {"uv": [12.25, 0.25, 12.5, 15.75], "rotation": 270, "texture": "#1"},
				"up": {"uv": [12.25, 0.25, 15.25, 15.75], "texture": "#1"},
				"down": {"uv": [12.25, 15.75, 15.25, 0.25], "texture": "#1"}
			}
		},
		{
			"name": "map_background_14",
			"from": [6.175, 18.9, -0.75],
			"to": [6.825, 19.225, 19.4],
			"rotation": {"angle": 0, "axis": "y", "origin": [1, 19.0625, 9.1625]},
			"faces": {
				"north": {"uv": [3.25, 0.5, 2.75, 0.75], "texture": "#1"},
				"east": {"uv": [3, 0.5, 3.25, 16], "rotation": 90, "texture": "#1"},
				"south": {"uv": [2.75, 15.75, 3.25, 16], "texture": "#1"},
				"west": {"uv": [2.75, 0.5, 3, 16], "rotation": 270, "texture": "#1"},
				"up": {"uv": [2.75, 0.5, 3.25, 16], "texture": "#1"},
				"down": {"uv": [2.75, 16, 3.25, 0.5], "texture": "#1"}
			}
		},
		{
			"name": "map_background_15",
			"from": [9.425, 18.9, -0.75],
			"to": [9.75, 19.225, 19.075],
			"rotation": {"angle": 0, "axis": "y", "origin": [1, 19.0625, 9.1625]},
			"faces": {
				"north": {"uv": [5.5, 0.5, 5.25, 0.75], "texture": "#1"},
				"east": {"uv": [5.25, 0.5, 5.5, 15.75], "rotation": 90, "texture": "#1"},
				"south": {"uv": [5.25, 15.5, 5.5, 15.75], "texture": "#1"},
				"west": {"uv": [5.25, 0.5, 5.5, 15.75], "rotation": 270, "texture": "#1"},
				"up": {"uv": [5.25, 0.5, 5.5, 15.75], "texture": "#1"},
				"down": {"uv": [5.25, 15.75, 5.5, 0.5], "texture": "#1"}
			}
		},
		{
			"name": "map_background_16",
			"from": [13.65, 18.9, -0.75],
			"to": [13.975, 19.225, 19.4],
			"rotation": {"angle": 0, "axis": "y", "origin": [1, 19.0625, 9.1625]},
			"faces": {
				"north": {"uv": [8.75, 0.5, 8.5, 0.75], "texture": "#1"},
				"east": {"uv": [8.5, 0.5, 8.75, 16], "rotation": 90, "texture": "#1"},
				"south": {"uv": [8.5, 15.75, 8.75, 16], "texture": "#1"},
				"west": {"uv": [8.5, 0.5, 8.75, 16], "rotation": 270, "texture": "#1"},
				"up": {"uv": [8.5, 0.5, 8.75, 16], "texture": "#1"},
				"down": {"uv": [8.5, 16, 8.75, 0.5], "texture": "#1"}
			}
		},
		{
			"name": "map_background_17",
			"from": [22.425, 18.9, -0.425],
			"to": [23.075, 19.225, 19.075],
			"rotation": {"angle": 0, "axis": "y", "origin": [1, 19.0625, 9.1625]},
			"faces": {
				"north": {"uv": [15.75, 0.75, 15.25, 1], "texture": "#1"},
				"east": {"uv": [15.5, 0.75, 15.75, 15.75], "rotation": 90, "texture": "#1"},
				"south": {"uv": [15.25, 15.5, 15.75, 15.75], "texture": "#1"},
				"west": {"uv": [15.25, 0.75, 15.5, 15.75], "rotation": 270, "texture": "#1"},
				"up": {"uv": [15.25, 0.75, 15.75, 15.75], "texture": "#1"},
				"down": {"uv": [15.25, 15.75, 15.75, 0.75], "texture": "#1"}
			}
		},
		{
			"name": "map_background_18",
			"from": [2.925, 18.9, -0.1],
			"to": [3.25, 19.225, 3.8],
			"rotation": {"angle": 0, "axis": "y", "origin": [1, 19.0625, 9.1625]},
			"faces": {
				"north": {"uv": [0.5, 1, 0.25, 1.25], "texture": "#1"},
				"east": {"uv": [0.25, 1, 0.5, 4], "rotation": 90, "texture": "#1"},
				"south": {"uv": [0.25, 3.75, 0.5, 4], "texture": "#1"},
				"west": {"uv": [0.25, 1, 0.5, 4], "rotation": 270, "texture": "#1"},
				"up": {"uv": [0.25, 1, 0.5, 4], "texture": "#1"},
				"down": {"uv": [0.25, 4, 0.5, 1], "texture": "#1"}
			}
		},
		{
			"name": "map_background_19",
			"from": [23.075, 18.9, -0.1],
			"to": [23.4, 19.225, 1.525],
			"rotation": {"angle": 0, "axis": "y", "origin": [1, 19.0625, 9.1625]},
			"faces": {
				"north": {"uv": [16, 1, 15.75, 1.25], "texture": "#1"},
				"east": {"uv": [15.75, 1, 16, 2.25], "rotation": 90, "texture": "#1"},
				"south": {"uv": [15.75, 2, 16, 2.25], "texture": "#1"},
				"west": {"uv": [15.75, 1, 16, 2.25], "rotation": 270, "texture": "#1"},
				"up": {"uv": [15.75, 1, 16, 2.25], "texture": "#1"},
				"down": {"uv": [15.75, 2.25, 16, 1], "texture": "#1"}
			}
		},
		{
			"name": "map_background_20",
			"from": [2.6, 18.9, 0.55],
			"to": [2.925, 19.225, 2.175],
			"rotation": {"angle": 0, "axis": "y", "origin": [1, 19.0625, 9.1625]},
			"faces": {
				"north": {"uv": [0.25, 1.5, 0, 1.75], "texture": "#1"},
				"east": {"uv": [0, 1.5, 0.25, 2.75], "rotation": 90, "texture": "#1"},
				"south": {"uv": [0, 2.5, 0.25, 2.75], "texture": "#1"},
				"west": {"uv": [0, 1.5, 0.25, 2.75], "rotation": 270, "texture": "#1"},
				"up": {"uv": [0, 1.5, 0.25, 2.75], "texture": "#1"},
				"down": {"uv": [0, 2.75, 0.25, 1.5], "texture": "#1"}
			}
		},
		{
			"name": "map_background_21",
			"from": [23.075, 18.9, 2.5],
			"to": [23.4, 19.225, 5.1],
			"rotation": {"angle": 0, "axis": "y", "origin": [1, 19.0625, 9.1625]},
			"faces": {
				"north": {"uv": [16, 3, 15.75, 3.25], "texture": "#1"},
				"east": {"uv": [15.75, 3, 16, 5], "rotation": 90, "texture": "#1"},
				"south": {"uv": [15.75, 4.75, 16, 5], "texture": "#1"},
				"west": {"uv": [15.75, 3, 16, 5], "rotation": 270, "texture": "#1"},
				"up": {"uv": [15.75, 3, 16, 5], "texture": "#1"},
				"down": {"uv": [15.75, 5, 16, 3], "texture": "#1"}
			}
		},
		{
			"name": "map_background_22",
			"from": [2.925, 18.9, 4.125],
			"to": [3.25, 19.225, 12.25],
			"rotation": {"angle": 0, "axis": "y", "origin": [1, 19.0625, 9.1625]},
			"faces": {
				"north": {"uv": [0.5, 4.25, 0.25, 4.5], "texture": "#1"},
				"east": {"uv": [0.25, 4.25, 0.5, 10.5], "rotation": 90, "texture": "#1"},
				"south": {"uv": [0.25, 10.25, 0.5, 10.5], "texture": "#1"},
				"west": {"uv": [0.25, 4.25, 0.5, 10.5], "rotation": 270, "texture": "#1"},
				"up": {"uv": [0.25, 4.25, 0.5, 10.5], "texture": "#1"},
				"down": {"uv": [0.25, 10.5, 0.5, 4.25], "texture": "#1"}
			}
		},
		{
			"name": "map_background_23",
			"from": [2.6, 18.9, 6.4],
			"to": [2.925, 19.225, 7.7],
			"rotation": {"angle": 0, "axis": "y", "origin": [1, 19.0625, 9.1625]},
			"faces": {
				"north": {"uv": [0.25, 6, 0, 6.25], "texture": "#1"},
				"east": {"uv": [0, 6, 0.25, 7], "rotation": 90, "texture": "#1"},
				"south": {"uv": [0, 6.75, 0.25, 7], "texture": "#1"},
				"west": {"uv": [0, 6, 0.25, 7], "rotation": 270, "texture": "#1"},
				"up": {"uv": [0, 6, 0.25, 7], "texture": "#1"},
				"down": {"uv": [0, 7, 0.25, 6], "texture": "#1"}
			}
		},
		{
			"name": "map_background_24",
			"from": [23.075, 18.9, 6.4],
			"to": [23.4, 19.225, 9.325],
			"rotation": {"angle": 0, "axis": "y", "origin": [1, 19.0625, 9.1625]},
			"faces": {
				"north": {"uv": [16, 6, 15.75, 6.25], "texture": "#1"},
				"east": {"uv": [15.75, 6, 16, 8.25], "rotation": 90, "texture": "#1"},
				"south": {"uv": [15.75, 8, 16, 8.25], "texture": "#1"},
				"west": {"uv": [15.75, 6, 16, 8.25], "rotation": 270, "texture": "#1"},
				"up": {"uv": [15.75, 6, 16, 8.25], "texture": "#1"},
				"down": {"uv": [15.75, 8.25, 16, 6], "texture": "#1"}
			}
		},
		{
			"name": "map_background_25",
			"from": [23.075, 18.9, 9.975],
			"to": [23.4, 19.225, 11.275],
			"rotation": {"angle": 0, "axis": "y", "origin": [1, 19.0625, 9.1625]},
			"faces": {
				"north": {"uv": [16, 8.75, 15.75, 9], "texture": "#1"},
				"east": {"uv": [15.75, 8.75, 16, 9.75], "rotation": 90, "texture": "#1"},
				"south": {"uv": [15.75, 9.5, 16, 9.75], "texture": "#1"},
				"west": {"uv": [15.75, 8.75, 16, 9.75], "rotation": 270, "texture": "#1"},
				"up": {"uv": [15.75, 8.75, 16, 9.75], "texture": "#1"},
				"down": {"uv": [15.75, 9.75, 16, 8.75], "texture": "#1"}
			}
		},
		{
			"name": "map_background_26",
			"from": [2.6, 18.9, 10.95],
			"to": [2.925, 19.225, 11.925],
			"rotation": {"angle": 0, "axis": "y", "origin": [1, 19.0625, 9.1625]},
			"faces": {
				"north": {"uv": [0.25, 9.5, 0, 9.75], "texture": "#1"},
				"east": {"uv": [0, 9.5, 0.25, 10.25], "rotation": 90, "texture": "#1"},
				"south": {"uv": [0, 10, 0.25, 10.25], "texture": "#1"},
				"west": {"uv": [0, 9.5, 0.25, 10.25], "rotation": 270, "texture": "#1"},
				"up": {"uv": [0, 9.5, 0.25, 10.25], "texture": "#1"},
				"down": {"uv": [0, 10.25, 0.25, 9.5], "texture": "#1"}
			}
		},
		{
			"name": "map_background_27",
			"from": [23.075, 18.9, 11.925],
			"to": [23.4, 19.225, 15.175],
			"rotation": {"angle": 0, "axis": "y", "origin": [1, 19.0625, 9.1625]},
			"faces": {
				"north": {"uv": [16, 10.25, 15.75, 10.5], "texture": "#1"},
				"east": {"uv": [15.75, 10.25, 16, 12.75], "rotation": 90, "texture": "#1"},
				"south": {"uv": [15.75, 12.5, 16, 12.75], "texture": "#1"},
				"west": {"uv": [15.75, 10.25, 16, 12.75], "rotation": 270, "texture": "#1"},
				"up": {"uv": [15.75, 10.25, 16, 12.75], "texture": "#1"},
				"down": {"uv": [15.75, 12.75, 16, 10.25], "texture": "#1"}
			}
		},
		{
			"name": "map_background_28",
			"from": [2.925, 18.9, 12.575],
			"to": [3.25, 19.225, 19.075],
			"rotation": {"angle": 0, "axis": "y", "origin": [1, 19.0625, 9.1625]},
			"faces": {
				"north": {"uv": [0.5, 10.75, 0.25, 11], "texture": "#1"},
				"east": {"uv": [0.25, 10.75, 0.5, 15.75], "rotation": 90, "texture": "#1"},
				"south": {"uv": [0.25, 15.5, 0.5, 15.75], "texture": "#1"},
				"west": {"uv": [0.25, 10.75, 0.5, 15.75], "rotation": 270, "texture": "#1"},
				"up": {"uv": [0.25, 10.75, 0.5, 15.75], "texture": "#1"},
				"down": {"uv": [0.25, 15.75, 0.5, 10.75], "texture": "#1"}
			}
		},
		{
			"name": "map_background_29",
			"from": [2.6, 18.9, 12.9],
			"to": [2.925, 19.225, 16.8],
			"rotation": {"angle": 0, "axis": "y", "origin": [1, 19.0625, 9.1625]},
			"faces": {
				"north": {"uv": [0.25, 11, 0, 11.25], "texture": "#1"},
				"east": {"uv": [0, 11, 0.25, 14], "rotation": 90, "texture": "#1"},
				"south": {"uv": [0, 13.75, 0.25, 14], "texture": "#1"},
				"west": {"uv": [0, 11, 0.25, 14], "rotation": 270, "texture": "#1"},
				"up": {"uv": [0, 11, 0.25, 14], "texture": "#1"},
				"down": {"uv": [0, 14, 0.25, 11], "texture": "#1"}
			}
		},
		{
			"name": "map_background_30",
			"from": [23.075, 18.9, 17.125],
			"to": [23.4, 19.225, 19.075],
			"rotation": {"angle": 0, "axis": "y", "origin": [1, 19.0625, 9.1625]},
			"faces": {
				"north": {"uv": [16, 14.25, 15.75, 14.5], "texture": "#1"},
				"east": {"uv": [15.75, 14.25, 16, 15.75], "rotation": 90, "texture": "#1"},
				"south": {"uv": [15.75, 15.5, 16, 15.75], "texture": "#1"},
				"west": {"uv": [15.75, 14.25, 16, 15.75], "rotation": 270, "texture": "#1"},
				"up": {"uv": [15.75, 14.25, 16, 15.75], "texture": "#1"},
				"down": {"uv": [15.75, 15.75, 16, 14.25], "texture": "#1"}
			}
		},
		{
			"name": "map_background_31",
			"from": [2.6, 18.9, 17.45],
			"to": [2.925, 19.225, 18.75],
			"rotation": {"angle": 0, "axis": "y", "origin": [1, 19.0625, 9.1625]},
			"faces": {
				"north": {"uv": [0.25, 14.5, 0, 14.75], "texture": "#1"},
				"east": {"uv": [0, 14.5, 0.25, 15.5], "rotation": 90, "texture": "#1"},
				"south": {"uv": [0, 15.25, 0.25, 15.5], "texture": "#1"},
				"west": {"uv": [0, 14.5, 0.25, 15.5], "rotation": 270, "texture": "#1"},
				"up": {"uv": [0, 14.5, 0.25, 15.5], "texture": "#1"},
				"down": {"uv": [0, 15.5, 0.25, 14.5], "texture": "#1"}
			}
		},
		{
			"name": "map_background_32",
			"from": [3.25, 18.9, 18.75],
			"to": [4.55, 19.225, 19.075],
			"rotation": {"angle": 0, "axis": "y", "origin": [1, 19.0625, 9.1625]},
			"faces": {
				"north": {"uv": [1.5, 15.5, 0.5, 15.75], "texture": "#1"},
				"east": {"uv": [1.25, 15.5, 1.5, 15.75], "rotation": 90, "texture": "#1"},
				"south": {"uv": [0.5, 15.5, 1.5, 15.75], "texture": "#1"},
				"west": {"uv": [0.5, 15.5, 0.75, 15.75], "rotation": 270, "texture": "#1"},
				"up": {"uv": [0.5, 15.5, 1.5, 15.75], "texture": "#1"},
				"down": {"uv": [0.5, 15.75, 1.5, 15.5], "texture": "#1"}
			}
		},
		{
			"name": "map_background_33",
			"from": [5.525, 18.9, 18.75],
			"to": [6.175, 19.225, 19.075],
			"rotation": {"angle": 0, "axis": "y", "origin": [1, 19.0625, 9.1625]},
			"faces": {
				"north": {"uv": [2.75, 15.5, 2.25, 15.75], "texture": "#1"},
				"east": {"uv": [2.5, 15.5, 2.75, 15.75], "rotation": 90, "texture": "#1"},
				"south": {"uv": [2.25, 15.5, 2.75, 15.75], "texture": "#1"},
				"west": {"uv": [2.25, 15.5, 2.5, 15.75], "rotation": 270, "texture": "#1"},
				"up": {"uv": [2.25, 15.5, 2.75, 15.75], "texture": "#1"},
				"down": {"uv": [2.25, 15.75, 2.75, 15.5], "texture": "#1"}
			}
		},
		{
			"name": "map_background_34",
			"from": [8.125, 18.9, 18.75],
			"to": [8.775, 19.225, 19.075],
			"rotation": {"angle": 0, "axis": "y", "origin": [1, 19.0625, 9.1625]},
			"faces": {
				"north": {"uv": [4.75, 15.5, 4.25, 15.75], "texture": "#1"},
				"east": {"uv": [4.5, 15.5, 4.75, 15.75], "rotation": 90, "texture": "#1"},
				"south": {"uv": [4.25, 15.5, 4.75, 15.75], "texture": "#1"},
				"west": {"uv": [4.25, 15.5, 4.5, 15.75], "rotation": 270, "texture": "#1"},
				"up": {"uv": [4.25, 15.5, 4.75, 15.75], "texture": "#1"},
				"down": {"uv": [4.25, 15.75, 4.75, 15.5], "texture": "#1"}
			}
		},
		{
			"name": "map_background_35",
			"from": [9.75, 18.9, 18.75],
			"to": [11.05, 19.225, 19.075],
			"rotation": {"angle": 0, "axis": "y", "origin": [1, 19.0625, 9.1625]},
			"faces": {
				"north": {"uv": [6.5, 15.5, 5.5, 15.75], "texture": "#1"},
				"east": {"uv": [6.25, 15.5, 6.5, 15.75], "rotation": 90, "texture": "#1"},
				"south": {"uv": [5.5, 15.5, 6.5, 15.75], "texture": "#1"},
				"west": {"uv": [5.5, 15.5, 5.75, 15.75], "rotation": 270, "texture": "#1"},
				"up": {"uv": [5.5, 15.5, 6.5, 15.75], "texture": "#1"},
				"down": {"uv": [5.5, 15.75, 6.5, 15.5], "texture": "#1"}
			}
		},
		{
			"name": "map_background_36",
			"from": [14.95, 18.9, 19.075],
			"to": [15.925, 19.225, 19.4],
			"rotation": {"angle": 0, "axis": "y", "origin": [1, 19.0625, 9.1625]},
			"faces": {
				"north": {"uv": [10.25, 15.75, 9.5, 16], "texture": "#1"},
				"east": {"uv": [10, 15.75, 10.25, 16], "rotation": 90, "texture": "#1"},
				"south": {"uv": [9.5, 15.75, 10.25, 16], "texture": "#1"},
				"west": {"uv": [9.5, 15.75, 9.75, 16], "rotation": 270, "texture": "#1"},
				"up": {"uv": [9.5, 15.75, 10.25, 16], "texture": "#1"},
				"down": {"uv": [9.5, 16, 10.25, 15.75], "texture": "#1"}
			}
		},
		{
			"name": "map_background_37",
			"from": [16.25, 18.9, 19.075],
			"to": [20.475, 19.225, 19.4],
			"rotation": {"angle": 0, "axis": "y", "origin": [1, 19.0625, 9.1625]},
			"faces": {
				"north": {"uv": [13.75, 15.75, 10.5, 16], "texture": "#1"},
				"east": {"uv": [13.5, 15.75, 13.75, 16], "rotation": 90, "texture": "#1"},
				"south": {"uv": [10.5, 15.75, 13.75, 16], "texture": "#1"},
				"west": {"uv": [10.5, 15.75, 10.75, 16], "rotation": 270, "texture": "#1"},
				"up": {"uv": [10.5, 15.75, 13.75, 16], "texture": "#1"},
				"down": {"uv": [10.5, 16, 13.75, 15.75], "texture": "#1"}
			}
		},
		{
			"name": "map_background_38",
			"from": [21.775, 18.9, 19.075],
			"to": [22.75, 19.225, 19.4],
			"rotation": {"angle": 0, "axis": "y", "origin": [1, 19.0625, 9.1625]},
			"faces": {
				"north": {"uv": [15.5, 15.75, 14.75, 16], "texture": "#1"},
				"east": {"uv": [15.25, 15.75, 15.5, 16], "rotation": 90, "texture": "#1"},
				"south": {"uv": [14.75, 15.75, 15.5, 16], "texture": "#1"},
				"west": {"uv": [14.75, 15.75, 15, 16], "rotation": 270, "texture": "#1"},
				"up": {"uv": [14.75, 15.75, 15.5, 16], "texture": "#1"},
				"down": {"uv": [14.75, 16, 15.5, 15.75], "texture": "#1"}
			}
		},
		{
			"name": "island_0",
			"from": [4, 19.3, 0],
			"to": [22, 19.3252, 17.26929],
			"faces": {
				"north": {"uv": [16, 0, 0, 0.0264], "texture": "#2"},
				"east": {"uv": [15.9748, 0, 16, 16], "rotation": 90, "texture": "#2"},
				"south": {"uv": [0, 15.9736, 16, 16], "texture": "#2"},
				"west": {"uv": [0, 0, 0.0252, 16], "rotation": 270, "texture": "#2"},
				"up": {"uv": [0, 0, 16, 16], "texture": "#2"},
				"down": {"uv": [0, 16, 16, 0], "texture": "#2"}
			}
		},
		{
			"from": [-11.64942, 19.15, 14.07401],
			"to": [-6.64942, 21.15, 16.07401],
			"rotation": {"angle": 22.5, "axis": "y", "origin": [-6.39942, 26.25, 15.07401]},
			"faces": {
				"north": {"uv": [0, 2, 2, 7], "rotation": 90, "texture": "#spyglass"},
				"south": {"uv": [0, 2, 2, 7], "rotation": 270, "texture": "#spyglass"},
				"west": {"uv": [0, 0, 2, 2], "texture": "#spyglass"},
				"up": {"uv": [0, 2, 2, 7], "rotation": 270, "texture": "#spyglass"},
				"down": {"uv": [0, 2, 2, 7], "rotation": 270, "texture": "#spyglass"}
			}
		},
		{
			"from": [-6.74942, 19.05, 13.97401],
			"to": [-0.54942, 21.25, 16.17401],
			"rotation": {"angle": 22.5, "axis": "y", "origin": [-6.39942, 26.25, 15.07401]},
			"faces": {
				"north": {"uv": [0, 7, 2, 13], "rotation": 90, "texture": "#spyglass"},
				"east": {"uv": [0, 13, 2, 15], "rotation": 180, "texture": "#spyglass"},
				"south": {"uv": [0, 7, 2, 13], "rotation": 270, "texture": "#spyglass"},
				"west": {"uv": [0, 5, 2, 7], "texture": "#spyglass"},
				"up": {"uv": [0, 7, 2, 13], "rotation": 270, "texture": "#spyglass"},
				"down": {"uv": [0, 7, 2, 13], "rotation": 270, "texture": "#spyglass"}
			}
		},
		{
			"name": "diamond_sword_0",
			"from": [13.75, 19.4, -4.25],
			"to": [16.75, 20.4, -1.25],
			"rotation": {"angle": 0, "axis": "y", "origin": [23.75, 19.9, 8]},
			"faces": {
				"north": {"uv": [15, 0, 16, 3], "rotation": 90, "texture": "#4"},
				"east": {"uv": [13, 2, 16, 3], "texture": "#4"},
				"south": {"uv": [13, 0, 14, 3], "rotation": 270, "texture": "#4"},
				"west": {"uv": [16, 0, 13, 1], "texture": "#4"},
				"up": {"uv": [13, 0, 16, 3], "rotation": 270, "texture": "#4"},
				"down": {"uv": [13, 3, 16, 0], "rotation": 90, "texture": "#4"}
			}
		},
		{
			"name": "diamond_sword_1",
			"from": [14.75, 19.4, -1.25],
			"to": [19.75, 20.4, -0.25],
			"rotation": {"angle": 0, "axis": "y", "origin": [23.75, 19.9, 8]},
			"faces": {
				"north": {"uv": [12, 1, 13, 6], "rotation": 90, "texture": "#4"},
				"east": {"uv": [12, 5, 13, 6], "texture": "#4"},
				"south": {"uv": [12, 1, 13, 6], "rotation": 270, "texture": "#4"},
				"west": {"uv": [13, 1, 12, 2], "texture": "#4"},
				"up": {"uv": [12, 1, 13, 6], "rotation": 270, "texture": "#4"},
				"down": {"uv": [12, 6, 13, 1], "rotation": 90, "texture": "#4"}
			}
		},
		{
			"name": "diamond_sword_2",
			"from": [15.75, 19.4, -0.25],
			"to": [20.75, 20.4, 0.75],
			"rotation": {"angle": 0, "axis": "y", "origin": [23.75, 19.9, 8]},
			"faces": {
				"north": {"uv": [11, 2, 12, 7], "rotation": 90, "texture": "#4"},
				"east": {"uv": [11, 6, 12, 7], "texture": "#4"},
				"south": {"uv": [11, 2, 12, 7], "rotation": 270, "texture": "#4"},
				"west": {"uv": [12, 2, 11, 3], "texture": "#4"},
				"up": {"uv": [11, 2, 12, 7], "rotation": 270, "texture": "#4"},
				"down": {"uv": [11, 7, 12, 2], "rotation": 90, "texture": "#4"}
			}
		},
		{
			"name": "diamond_sword_3",
			"from": [16.75, 19.4, 0.75],
			"to": [21.75, 20.4, 1.75],
			"rotation": {"angle": 0, "axis": "y", "origin": [23.75, 19.9, 8]},
			"faces": {
				"north": {"uv": [10, 3, 11, 8], "rotation": 90, "texture": "#4"},
				"east": {"uv": [10, 7, 11, 8], "texture": "#4"},
				"south": {"uv": [10, 3, 11, 8], "rotation": 270, "texture": "#4"},
				"west": {"uv": [11, 3, 10, 4], "texture": "#4"},
				"up": {"uv": [10, 3, 11, 8], "rotation": 270, "texture": "#4"},
				"down": {"uv": [10, 8, 11, 3], "rotation": 90, "texture": "#4"}
			}
		},
		{
			"name": "diamond_sword_4",
			"from": [16.75, 19.4, -3.25],
			"to": [17.75, 20.4, -1.25],
			"rotation": {"angle": 0, "axis": "y", "origin": [23.75, 19.9, 8]},
			"faces": {
				"north": {"uv": [14, 3, 15, 4], "rotation": 90, "texture": "#4"},
				"east": {"uv": [13, 3, 15, 4], "texture": "#4"},
				"south": {"uv": [13, 3, 14, 4], "rotation": 270, "texture": "#4"},
				"west": {"uv": [15, 3, 13, 4], "texture": "#4"},
				"up": {"uv": [13, 3, 15, 4], "rotation": 270, "texture": "#4"},
				"down": {"uv": [13, 4, 15, 3], "rotation": 90, "texture": "#4"}
			}
		},
		{
			"name": "diamond_sword_5",
			"from": [17.75, 19.4, 1.75],
			"to": [22.75, 20.4, 2.75],
			"rotation": {"angle": 0, "axis": "y", "origin": [23.75, 19.9, 8]},
			"faces": {
				"north": {"uv": [9, 4, 10, 9], "rotation": 90, "texture": "#4"},
				"east": {"uv": [9, 8, 10, 9], "texture": "#4"},
				"south": {"uv": [9, 4, 10, 9], "rotation": 270, "texture": "#4"},
				"west": {"uv": [10, 4, 9, 5], "texture": "#4"},
				"up": {"uv": [9, 4, 10, 9], "rotation": 270, "texture": "#4"},
				"down": {"uv": [9, 9, 10, 4], "rotation": 90, "texture": "#4"}
			}
		},
		{
			"name": "diamond_sword_6",
			"from": [17.75, 19.4, -2.25],
			"to": [18.75, 20.4, -1.25],
			"rotation": {"angle": 0, "axis": "y", "origin": [23.75, 19.9, 8]},
			"faces": {
				"north": {"uv": [13, 4, 14, 5], "rotation": 90, "texture": "#4"},
				"east": {"uv": [13, 4, 14, 5], "texture": "#4"},
				"south": {"uv": [13, 4, 14, 5], "rotation": 270, "texture": "#4"},
				"west": {"uv": [14, 4, 13, 5], "texture": "#4"},
				"up": {"uv": [13, 4, 14, 5], "rotation": 270, "texture": "#4"},
				"down": {"uv": [13, 5, 14, 4], "rotation": 90, "texture": "#4"}
			}
		},
		{
			"name": "diamond_sword_7",
			"from": [18.75, 19.4, 2.75],
			"to": [23.75, 20.4, 3.75],
			"rotation": {"angle": 0, "axis": "y", "origin": [23.75, 19.9, 8]},
			"faces": {
				"north": {"uv": [8, 5, 9, 10], "rotation": 90, "texture": "#4"},
				"east": {"uv": [8, 9, 9, 10], "texture": "#4"},
				"south": {"uv": [8, 5, 9, 10], "rotation": 270, "texture": "#4"},
				"west": {"uv": [9, 5, 8, 6], "texture": "#4"},
				"up": {"uv": [8, 5, 9, 10], "rotation": 270, "texture": "#4"},
				"down": {"uv": [8, 10, 9, 5], "rotation": 90, "texture": "#4"}
			}
		},
		{
			"name": "diamond_sword_8",
			"from": [19.75, 19.4, 7.75],
			"to": [21.75, 20.4, 9.75],
			"rotation": {"angle": 0, "axis": "y", "origin": [23.75, 19.9, 8]},
			"faces": {
				"north": {"uv": [3, 6, 4, 8], "rotation": 90, "texture": "#4"},
				"east": {"uv": [2, 7, 4, 8], "texture": "#4"},
				"south": {"uv": [2, 6, 3, 8], "rotation": 270, "texture": "#4"},
				"west": {"uv": [4, 6, 2, 7], "texture": "#4"},
				"up": {"uv": [2, 6, 4, 8], "rotation": 270, "texture": "#4"},
				"down": {"uv": [2, 8, 4, 6], "rotation": 90, "texture": "#4"}
			}
		},
		{
			"name": "diamond_sword_9",
			"from": [19.75, 19.4, 3.75],
			"to": [26.75, 20.4, 4.75],
			"rotation": {"angle": 0, "axis": "y", "origin": [23.75, 19.9, 8]},
			"faces": {
				"north": {"uv": [7, 6, 8, 13], "rotation": 90, "texture": "#4"},
				"east": {"uv": [7, 12, 8, 13], "texture": "#4"},
				"south": {"uv": [7, 6, 8, 13], "rotation": 270, "texture": "#4"},
				"west": {"uv": [8, 6, 7, 7], "texture": "#4"},
				"up": {"uv": [7, 6, 8, 13], "rotation": 270, "texture": "#4"},
				"down": {"uv": [7, 13, 8, 6], "rotation": 90, "texture": "#4"}
			}
		},
		{
			"name": "diamond_sword_10",
			"from": [20.75, 19.4, 6.75],
			"to": [26.75, 20.4, 7.75],
			"rotation": {"angle": 0, "axis": "y", "origin": [23.75, 19.9, 8]},
			"faces": {
				"north": {"uv": [4, 7, 5, 13], "rotation": 90, "texture": "#4"},
				"east": {"uv": [4, 12, 5, 13], "texture": "#4"},
				"south": {"uv": [4, 7, 5, 13], "rotation": 270, "texture": "#4"},
				"west": {"uv": [5, 7, 4, 8], "texture": "#4"},
				"up": {"uv": [4, 7, 5, 13], "rotation": 270, "texture": "#4"},
				"down": {"uv": [4, 13, 5, 7], "rotation": 90, "texture": "#4"}
			}
		},
		{
			"name": "diamond_sword_11",
			"from": [20.75, 19.4, 4.75],
			"to": [26.75, 20.4, 5.75],
			"rotation": {"angle": 0, "axis": "y", "origin": [23.75, 19.9, 8]},
			"faces": {
				"north": {"uv": [6, 7, 7, 13], "rotation": 90, "texture": "#4"},
				"east": {"uv": [6, 12, 7, 13], "texture": "#4"},
				"south": {"uv": [6, 7, 7, 13], "rotation": 270, "texture": "#4"},
				"west": {"uv": [7, 7, 6, 8], "texture": "#4"},
				"up": {"uv": [6, 7, 7, 13], "rotation": 270, "texture": "#4"},
				"down": {"uv": [6, 13, 7, 7], "rotation": 90, "texture": "#4"}
			}
		},
		{
			"name": "diamond_sword_12",
			"from": [21.75, 19.4, 7.75],
			"to": [23.75, 20.4, 8.75],
			"rotation": {"angle": 0, "axis": "y", "origin": [23.75, 19.9, 8]},
			"faces": {
				"north": {"uv": [3, 8, 4, 10], "rotation": 90, "texture": "#4"},
				"east": {"uv": [3, 9, 4, 10], "texture": "#4"},
				"south": {"uv": [3, 8, 4, 10], "rotation": 270, "texture": "#4"},
				"west": {"uv": [4, 8, 3, 9], "texture": "#4"},
				"up": {"uv": [3, 8, 4, 10], "rotation": 270, "texture": "#4"},
				"down": {"uv": [3, 10, 4, 8], "rotation": 90, "texture": "#4"}
			}
		},
		{
			"name": "diamond_sword_13",
			"from": [21.75, 19.4, 5.75],
			"to": [25.75, 20.4, 6.75],
			"rotation": {"angle": 0, "axis": "y", "origin": [23.75, 19.9, 8]},
			"faces": {
				"north": {"uv": [5, 8, 6, 12], "rotation": 90, "texture": "#4"},
				"east": {"uv": [5, 11, 6, 12], "texture": "#4"},
				"south": {"uv": [5, 8, 6, 12], "rotation": 270, "texture": "#4"},
				"west": {"uv": [6, 8, 5, 9], "texture": "#4"},
				"up": {"uv": [5, 8, 6, 12], "rotation": 270, "texture": "#4"},
				"down": {"uv": [5, 12, 6, 8], "rotation": 90, "texture": "#4"}
			}
		},
		{
			"name": "diamond_sword_14",
			"from": [24.75, 19.4, 7.75],
			"to": [27.75, 20.4, 8.75],
			"rotation": {"angle": 0, "axis": "y", "origin": [23.75, 19.9, 8]},
			"faces": {
				"north": {"uv": [3, 11, 4, 14], "rotation": 90, "texture": "#4"},
				"east": {"uv": [3, 13, 4, 14], "texture": "#4"},
				"south": {"uv": [3, 11, 4, 14], "rotation": 270, "texture": "#4"},
				"west": {"uv": [4, 11, 3, 12], "texture": "#4"},
				"up": {"uv": [3, 11, 4, 14], "rotation": 270, "texture": "#4"},
				"down": {"uv": [3, 14, 4, 11], "rotation": 90, "texture": "#4"}
			}
		},
		{
			"name": "diamond_sword_15",
			"from": [24.75, 19.4, 2.75],
			"to": [27.75, 20.4, 3.75],
			"rotation": {"angle": 0, "axis": "y", "origin": [23.75, 19.9, 8]},
			"faces": {
				"north": {"uv": [8, 11, 9, 14], "rotation": 90, "texture": "#4"},
				"east": {"uv": [8, 13, 9, 14], "texture": "#4"},
				"south": {"uv": [8, 11, 9, 14], "rotation": 270, "texture": "#4"},
				"west": {"uv": [9, 11, 8, 12], "texture": "#4"},
				"up": {"uv": [8, 11, 9, 14], "rotation": 270, "texture": "#4"},
				"down": {"uv": [8, 14, 9, 11], "rotation": 90, "texture": "#4"}
			}
		},
		{
			"name": "diamond_sword_16",
			"from": [25.75, 19.4, 8.75],
			"to": [29.75, 20.4, 9.75],
			"rotation": {"angle": 0, "axis": "y", "origin": [23.75, 19.9, 8]},
			"faces": {
				"north": {"uv": [2, 12, 3, 16], "rotation": 90, "texture": "#4"},
				"east": {"uv": [2, 15, 3, 16], "texture": "#4"},
				"south": {"uv": [2, 12, 3, 16], "rotation": 270, "texture": "#4"},
				"west": {"uv": [3, 12, 2, 13], "texture": "#4"},
				"up": {"uv": [2, 12, 3, 16], "rotation": 270, "texture": "#4"},
				"down": {"uv": [2, 16, 3, 12], "rotation": 90, "texture": "#4"}
			}
		},
		{
			"name": "diamond_sword_17",
			"from": [25.75, 19.4, 1.75],
			"to": [27.75, 20.4, 2.75],
			"rotation": {"angle": 0, "axis": "y", "origin": [23.75, 19.9, 8]},
			"faces": {
				"north": {"uv": [9, 12, 10, 14], "rotation": 90, "texture": "#4"},
				"east": {"uv": [9, 13, 10, 14], "texture": "#4"},
				"south": {"uv": [9, 12, 10, 14], "rotation": 270, "texture": "#4"},
				"west": {"uv": [10, 12, 9, 13], "texture": "#4"},
				"up": {"uv": [9, 12, 10, 14], "rotation": 270, "texture": "#4"},
				"down": {"uv": [9, 14, 10, 12], "rotation": 90, "texture": "#4"}
			}
		},
		{
			"name": "diamond_sword_18",
			"from": [26.75, 19.4, 9.75],
			"to": [29.75, 20.4, 11.75],
			"rotation": {"angle": 0, "axis": "y", "origin": [23.75, 19.9, 8]},
			"faces": {
				"north": {"uv": [1, 13, 2, 16], "rotation": 90, "texture": "#4"},
				"east": {"uv": [0, 15, 2, 16], "texture": "#4"},
				"south": {"uv": [0, 13, 1, 16], "rotation": 270, "texture": "#4"},
				"west": {"uv": [2, 13, 0, 14], "texture": "#4"},
				"up": {"uv": [0, 13, 2, 16], "rotation": 270, "texture": "#4"},
				"down": {"uv": [0, 16, 2, 13], "rotation": 90, "texture": "#4"}
			}
		}
	],
	"gui_light": "front",
	"display": {
		"thirdperson_righthand": {
			"translation": [0, -2, 0]
		},
		"ground": {
			"rotation": [90, 0, 0]
		},
		"gui": {
			"rotation": [-67.5, 0, 45],
			"scale": [1.5, 1.5, 1.5]
		},
		"head": {
			"rotation": [90, 0, 0],
			"translation": [0, 0, -16],
			"scale": [1.6, 1.6, 1.6]
		},
		"fixed": {
			"rotation": [-90, 0, 0],
			"translation": [0, 0, -30],
			"scale": [2, 2, 2]
		}
	},
	"groups": [
		{
			"name": "table",
			"origin": [0, 0, 0],
			"color": 0,
			"children": [0, 1, 2, 3, 4]
		},
		{
			"name": "maps",
			"origin": [8, 8, 8],
			"color": 0,
			"children": [
				{
					"name": "map",
					"origin": [8, 8, 8],
					"color": 0,
					"children": [5, 6, 7, 8, 9, 10, 11, 12, 13, 14, 15, 16, 17, 18, 19, 20, 21, 22, 23, 24, 25, 26, 27, 28, 29, 30, 31, 32]
				},
				{
					"name": "map_background",
					"origin": [8, 8, 8],
					"color": 0,
					"children": [33, 34, 35, 36, 37, 38, 39, 40, 41, 42, 43, 44, 45, 46, 47, 48, 49, 50, 51, 52, 53, 54, 55, 56, 57, 58, 59, 60, 61, 62, 63, 64, 65, 66, 67, 68, 69, 70]
				},
				{
					"name": "island",
					"origin": [8, 8, 8],
					"color": 0,
					"children": [71]
				}
			]
		},
		{
			"name": "spyglass_in_hand",
			"origin": [8, 8, 8],
			"color": 0,
			"children": [72, 73]
		},
		{
			"name": "diamond_sword",
			"origin": [8, 8, 8],
			"color": 0,
			"children": [74, 75, 76, 77, 78, 79, 80, 81, 82, 83, 84, 85, 86, 87, 88, 89, 90, 91, 92]
		}
	]
}