{
	"credit": "Made with Blockbench",
	"textures": {
		"all": "block/smooth_stone"
	},
	"elements": [
		{
			"from": [0, 0, 0],
			"to": [16, 15, 16],
			"faces": {
				"north": {"uv": [0, 1, 16, 16], "texture": "#all", "cullface": "north"},
				"east": {"uv": [0, 1, 16, 16], "texture": "#all", "cullface": "east"},
				"south": {"uv": [0, 1, 16, 16], "texture": "#all", "cullface": "south"},
				"west": {"uv": [0, 1, 16, 16], "texture": "#all", "cullface": "west"},
				"up": {"uv": [0, 0, 16, 16], "texture": "#all", "cullface": "up"},
				"down": {"uv": [0, 0, 16, 16], "texture": "#all", "cullface": "down"}
			}
		},
		{
			"from": [0, 15, 0],
			"to": [16, 16, 1],
			"faces": {
				"north": {"uv": [0, 0, 16, 1], "texture": "#all"},
				"east": {"uv": [0, 0, 1, 1], "texture": "#all"},
				"south": {"uv": [0, 0, 16, 1], "texture": "#all"},
				"west": {"uv": [0, 0, 1, 1], "texture": "#all"},
				"up": {"uv": [0, 0, 16, 1], "texture": "#all"},
				"down": {"uv": [0, 0, 16, 1], "texture": "#all"}
			}
		},
		{
			"from": [0, 15, 15],
			"to": [16, 16, 16],
			"faces": {
				"north": {"uv": [0, 0, 16, 1], "texture": "#all"},
				"east": {"uv": [0, 0, 1, 1], "texture": "#all"},
				"south": {"uv": [0, 0, 16, 1], "texture": "#all"},
				"west": {"uv": [0, 0, 1, 1], "texture": "#all"},
				"up": {"uv": [0, 0, 16, 1], "texture": "#all"},
				"down": {"uv": [0, 0, 16, 1], "texture": "#all"}
			}
		},
		{
			"from": [15, 15, 1],
			"to": [16, 16, 15],
			"faces": {
				"north": {"uv": [0, 0, 1, 1], "texture": "#all"},
				"east": {"uv": [0, 0, 14, 1], "texture": "#all"},
				"south": {"uv": [0, 0, 1, 1], "texture": "#all"},
				"west": {"uv": [0, 0, 14, 1], "texture": "#all"},
				"up": {"uv": [0, 0, 1, 14], "texture": "#all"},
				"down": {"uv": [0, 0, 1, 14], "texture": "#all"}
			}
		},
		{
			"from": [0, 15, 1],
			"to": [1, 16, 15],
			"faces": {
				"north": {"uv": [0, 0, 1, 1], "texture": "#all"},
				"east": {"uv": [0, 0, 14, 1], "texture": "#all"},
				"south": {"uv": [0, 0, 1, 1], "texture": "#all"},
				"west": {"uv": [0, 0, 14, 1], "texture": "#all"},
				"up": {"uv": [0, 0, 1, 14], "texture": "#all"},
				"down": {"uv": [0, 0, 1, 14], "texture": "#all"}
			}
		}
	],
	"groups": [
		{
			"name": "smooth_stone",
			"origin": [8, 8, 8],
			"color": 0,
			"children": [0, 1, 2, 3, 4]
		}
	]
}