{
    "criteria": {
      "killed_dragon": {
        "conditions": {
          "entity": [
            {
              "condition": "minecraft:entity_properties",
              "entity": "this",
              "predicate": {
                "type": "minecraft:ender_dragon"
              }
            }
          ]
        },
        "trigger": "minecraft:player_killed_entity"
      }
    },
    "rewards": {
      "function": "projecthorizons:startprojecthorizons"
    },
    "requirements": [
      [
        "killed_dragon"
      ]
    ]
  }